id,is_iceberg_min,is_iceberg_max,is_iceberg,is_iceberg_0,is_iceberg_1,is_iceberg_2,is_iceberg_3,is_iceberg_4,is_iceberg_5,is_iceberg_6
b9087b9e,0.11902599999999999,0.6944206006829999,0.47811956703662895,0.47811956703662895,0.568693,0.46652162,0.49308753,0.3355037868022919,0.11902599999999999,0.6944206006829999
bbad5958,0.00522106,0.580311,0.06275700000000001,0.012680921703577,0.580311,0.00522106,0.097916327,0.3966731131076813,0.06275700000000001,0.0137528728694
e01a3c92,0.00024900000000000004,0.53777462,0.18808725476264898,0.18808725476264898,0.204891,0.53777462,0.263656855,0.02418401837348938,0.00024900000000000004,0.0215235511889
636cfbb7,0.427228,0.955230987072,0.6912131905555725,0.955200910568237,0.427228,0.51385105,0.548265219,0.6912131905555725,0.8968790000000001,0.955230987072
2f725a81,0.053520832885999986,0.7645728588104248,0.17307509,0.40267476439475997,0.164484,0.17307509,0.155254439,0.7645728588104248,0.24281999999999998,0.053520832885999986
c42b9e08,0.038541000000000006,0.9151456952095032,0.5083343297240001,0.511852860450744,0.038541000000000006,0.19180703,0.153420046,0.9151456952095032,0.585527,0.5083343297240001
b2d8a426,0.09179758280515672,0.810565412044525,0.35300895600000004,0.810565412044525,0.356772,0.40310594,0.35300895600000004,0.09179758280515672,0.21218299999999998,0.216116735898
b4dda837,0.014106919057666999,0.5928777456283569,0.06094537545,0.014106919057666999,0.039127999999999996,0.06089334,0.06500639,0.5928777456283569,0.531922,0.06094537545
eab406b4,0.052605856209993,0.729241,0.262845576,0.052605856209993,0.084314,0.30591208,0.262845576,0.5723371505737305,0.729241,0.09737482192
13701465,0.13535808,0.5982027053833008,0.37194499999999997,0.232365317642689,0.388679,0.13535808,0.367376685,0.5982027053833008,0.37194499999999997,0.472247620858
f5b54fb6,0.13854482769966125,0.6508795619010931,0.42926943,0.6508795619010931,0.650299,0.42926943,0.363770545,0.13854482769966125,0.254253,0.558786334843
6eb4c041,0.0307892736746,0.5044569999999999,0.189431265,0.09330625087022802,0.5044569999999999,0.25374955,0.189431265,0.23849043250083926,0.147122,0.0307892736746
97afdf42,0.338171755522,0.9440629999999999,0.8044806720000001,0.9257325530052191,0.592407,0.76936662,0.8044806720000001,0.8859702944755554,0.9440629999999999,0.338171755522
70b4c2eb,0.4027327001094818,0.885451,0.641057014,0.42320330440997994,0.67657,0.48437694,0.641057014,0.4027327001094818,0.885451,0.851912242174
7fe89ffa,0.0767769374652,0.9626399999999999,0.40176839,0.592895209789276,0.9626399999999999,0.40176839,0.5354558229999999,0.23250950872898105,0.122077,0.0767769374652
5f8f831e,0.18361565470695496,0.97021222114563,0.709146202,0.97021222114563,0.778134,0.83662039,0.709146202,0.18361565470695496,0.540582,0.35981388446
7bd92ec6,0.422569,0.9992526173591609,0.9930981990000001,0.9992526173591609,0.422569,0.97794145,0.9930981990000001,0.9984195232391356,0.9910530000000001,0.995377784967
6afe606d,0.318914054334,0.9948990941047672,0.7516010000000001,0.9948990941047672,0.9273440000000001,0.88906616,0.5514230729999999,0.5224123001098633,0.7516010000000001,0.318914054334
a0d42a70,0.335936,0.9679108262062069,0.583006,0.9679108262062069,0.583006,0.56730479,0.558246911,0.5875788927078247,0.335936,0.88080496192
194db786,0.074377,0.985033094882965,0.734444,0.985033094882965,0.074377,0.94877726,0.9140652420000001,0.7092173099517822,0.734444,0.717017969489
0840e2b1,0.4482601284980774,0.9637690000000001,0.72339708,0.827648639678955,0.9637690000000001,0.72339708,0.671150565,0.4482601284980774,0.711249,0.921809497476
d2d6e2ba,0.123347,0.9649599194526669,0.8519024848937988,0.9649599194526669,0.123347,0.64202476,0.5737658139999999,0.8519024848937988,0.897962,0.8953026831149999
e6d05940,0.226937,0.95726728,0.648764578253,0.836790829896927,0.226937,0.95726728,0.682766557,0.4296146333217621,0.6198239999999999,0.648764578253
47ea0bff,0.461686,0.991439700126648,0.9430688619613647,0.991439700126648,0.461686,0.93089581,0.8868502970000001,0.9430688619613647,0.9647040000000001,0.970705318451
4ce9daeb,0.385943,0.9266120000000001,0.59245604,0.686786413192749,0.9266120000000001,0.59245604,0.424369961,0.5648442506790161,0.385943,0.7282759994269999
83490492,0.141884298623,0.622674,0.33077601,0.18462498486042,0.622674,0.33077601,0.361252874,0.24163058400154114,0.366865,0.141884298623
25c3ce93,0.321727,0.883581,0.7197113037109375,0.7693814635276791,0.883581,0.65241176,0.555994093,0.7197113037109375,0.321727,0.73787228167
0bdca1a5,0.11173001,0.7105053067207336,0.31221914300000003,0.481447800993919,0.197742,0.11173001,0.31221914300000003,0.7105053067207336,0.5165310000000001,0.13821204795999995
dfc700b3,0.21623322367668152,0.9994499087333679,0.9603321,0.9994499087333679,0.658991,0.9603321,0.985347867,0.21623322367668152,0.957859,0.988496619463
f38d53ef,0.069766,0.656547,0.194823369,0.17705947905778896,0.069766,0.29679358,0.194823369,0.2948220372200012,0.656547,0.0996789311059
02747427,0.0581149272620678,0.9671120000000001,0.537869202532,0.8623940348625191,0.9671120000000001,0.17813772,0.41170108299999997,0.0581149272620678,0.8882969999999999,0.537869202532
86a3b5cc,0.104728251346,0.835073,0.355017304,0.159189626574516,0.835073,0.21977742,0.355017304,0.7852384448051453,0.539888,0.104728251346
a28b90eb,0.443403884768486,0.7869753837585449,0.6979221109999999,0.443403884768486,0.67785,0.63493979,0.6979221109999999,0.7869753837585449,0.720865,0.761554516852
3488b8fc,0.0142131766304,0.763246,0.36683967700000003,0.368116602301598,0.763246,0.42895338,0.36683967700000003,0.2218114733695984,0.175002,0.0142131766304
02553267,0.284215,0.962637066841125,0.7525069999999999,0.962637066841125,0.284215,0.78436369,0.712007701,0.831269383430481,0.7525069999999999,0.600246746093
8df9100d,0.024457,0.89504,0.5491769910000001,0.6775183081626889,0.89504,0.84084105,0.5491769910000001,0.23069073259830475,0.024457,0.125559934508
3137ef1d,0.13065377,0.976022,0.633344565332,0.546252220869065,0.772871,0.13065377,0.401086241,0.9417989253997804,0.976022,0.633344565332
342a1d01,0.212664,0.994420945644379,0.96521097,0.994420945644379,0.212664,0.96521097,0.895261526,0.977985382080078,0.989873,0.930149596929
23821d71,0.353254869580269,0.950543,0.651988745,0.353254869580269,0.950543,0.52852714,0.651988745,0.8242061734199524,0.810937,0.596753884852
5f5da69d,0.47118699999999997,0.9875379800796509,0.72808588,0.9875379800796509,0.47118699999999997,0.72808588,0.72136426,0.7350325584411621,0.7206560000000001,0.8948678731919999
7a11839b,0.397307,0.9870774745941159,0.7694479999999999,0.9870774745941159,0.7694479999999999,0.69713432,0.55102402,0.9260679483413696,0.397307,0.913680827618
2555c207,0.02928,0.709411,0.1286226511001587,0.037201691418886004,0.709411,0.4933255,0.234711394,0.1286226511001587,0.02928,0.05473491624
45b9ee35,0.123609,0.599336117506027,0.360195,0.599336117506027,0.360195,0.42236352,0.39844644100000004,0.2435991019010544,0.123609,0.284577503894
c6fdd404,0.177558,0.9958060979843141,0.95096192956,0.9958060979843141,0.177558,0.63796699,0.684720278,0.9778152704238892,0.994159,0.95096192956
e6c19679,0.117171745002,0.9637248516082759,0.4766225218772888,0.9637248516082759,0.7124550000000001,0.48127013,0.473975569,0.4766225218772888,0.462405,0.117171745002
8d549cd2,0.021919652819632998,0.501342,0.04588456,0.021919652819632998,0.501342,0.04588456,0.113658234,0.14723122119903564,0.030047000000000004,0.0372594047804
0f11be03,0.03453959,0.988166,0.138672940433025,0.138672940433025,0.988166,0.03453959,0.09975875199999999,0.7495509386062622,0.12471700000000001,0.192627333198
2bd414a8,0.4467124342918396,0.9893795847892758,0.61022842,0.9893795847892758,0.478054,0.61022842,0.595764816,0.4467124342918396,0.82147,0.841920867562
aa4bdf31,0.128290868364,0.8161747455596924,0.545491,0.6311562359333039,0.205646,0.68696225,0.531482995,0.8161747455596924,0.545491,0.128290868364
b0a3e728,0.022608740255236626,0.787768065929413,0.15561399003499998,0.787768065929413,0.398729,0.36995742,0.102720059,0.022608740255236626,0.075456,0.15561399003499998
77aad507,0.001739875,0.5000870823860168,0.0062132005317800006,0.0020246345084160003,0.046492,0.0018443,0.001739875,0.5000870823860168,0.117878,0.0062132005317800006
6fbcc9e2,0.041727999999999994,0.5103390216827393,0.261055052,0.046529196202754995,0.041727999999999994,0.28021044,0.261055052,0.5103390216827393,0.446553,0.0623783042654
98bb1260,0.03170945122838,0.8852689266204834,0.107885,0.03170945122838,0.107885,0.21084566,0.079662234,0.8852689266204834,0.732178,0.0926185101271
dc97b587,0.08688942,0.7836153507232666,0.319851070642472,0.319851070642472,0.46321,0.08688942,0.23378402,0.7836153507232666,0.5384369999999999,0.185046540154
5e946e6e,0.3109889030456543,0.9946119785308841,0.908357018232,0.9946119785308841,0.972248,0.9652642,0.8006772990000001,0.3109889030456543,0.710296,0.908357018232
4a59c201,0.15774570405483246,0.938583,0.543206573,0.7559433281421658,0.938583,0.40586072,0.543206573,0.15774570405483246,0.405783,0.581530056987
29d46646,0.08394291503360002,0.6868774890899658,0.33301136,0.34631976485252297,0.08999,0.33301136,0.32788729699999997,0.6868774890899658,0.660826,0.08394291503360002
3261e3ee,0.252527,0.999632239341736,0.991880345345,0.999632239341736,0.252527,0.98715568,0.8037925359999999,0.9983568787574768,0.9974299999999999,0.991880345345
89bb7fca,0.29853392,0.9886010000000001,0.9272809028625492,0.9272809028625492,0.44164899999999996,0.29853392,0.54738003,0.9821667671203612,0.9886010000000001,0.952068477869
c409f194,0.20830953121185306,0.978223,0.872909188271,0.7317972779273979,0.978223,0.88827515,0.9252595309999999,0.20830953121185306,0.28384000000000004,0.872909188271
72bd3e45,0.48235843,0.942906242609,0.7246332168579109,0.7246332168579109,0.686909,0.48235843,0.577164888,0.9063029885292052,0.8804139999999999,0.942906242609
90c293d2,0.0129563180555,0.601583,0.05960611,0.15249665081501002,0.601583,0.05960611,0.035389878,0.15779095888137815,0.056999,0.0129563180555
a658f1ba,0.00169788,0.6989203691482544,0.043277779989900005,0.011199565604328998,0.175555,0.00169788,0.017467991000000002,0.6989203691482544,0.43620699999999996,0.043277779989900005
0b4e7093,0.45219899999999996,0.950337290763855,0.86552256,0.9442878663539879,0.6635479999999999,0.86552256,0.665973127,0.950337290763855,0.45219899999999996,0.926268064976
d43a187c,0.41070223,0.759628,0.60846608877182,0.60846608877182,0.568529,0.41070223,0.413986564,0.64327472448349,0.759628,0.637828318775
b01bf536,0.2865001,0.805045,0.610583484172821,0.6185832023620611,0.632601,0.2865001,0.44735422700000005,0.610583484172821,0.805045,0.5478022426370001
18c308c7,0.020469,0.581608,0.222017029673,0.034669023007154,0.581608,0.57346541,0.45860320299999996,0.034166190773248666,0.020469,0.222017029673
c5ea95c0,0.13909000000000002,0.6881510000000001,0.295520126447,0.514628291130066,0.6881510000000001,0.34744242,0.250692338,0.2728409767150879,0.13909000000000002,0.295520126447
9248daa9,0.46183900000000006,0.970479428768158,0.6333493590354919,0.970479428768158,0.47419399999999995,0.59451038,0.6857919690000001,0.6333493590354919,0.46183900000000006,0.647180436924
6d32e09b,0.4616682827472687,0.9869471788406371,0.862195,0.9869471788406371,0.862195,0.96479827,0.754078329,0.4616682827472687,0.710965,0.915536510944
93b12419,0.365311,0.9768335819244384,0.746370196,0.9530412554740909,0.365311,0.67927223,0.746370196,0.9768335819244384,0.380127,0.880909800529
32449528,0.02152271,0.5025202035903931,0.03393336,0.021925879642367,0.037132,0.02152271,0.03393336,0.5025202035903931,0.047621,0.0261262150947
5f6ffdad,0.046845991164445995,0.8380129999999999,0.319047895912,0.046845991164445995,0.45146000000000003,0.12100913,0.212104231,0.43618395924568176,0.8380129999999999,0.319047895912
6a1a9b91,0.152724,0.9930307269096371,0.651409507,0.9930307269096371,0.9775659999999999,0.4741284,0.651409507,0.4557076394557953,0.152724,0.6872216530140001
3ab323b5,0.012886000000000002,0.8780817985534668,0.21237038,0.041055593639612,0.012886000000000002,0.21237038,0.332029998,0.8780817985534668,0.6292800000000001,0.133006939292
8e1cb96b,0.44697700000000007,0.970917642116547,0.670780232176,0.970917642116547,0.871991,0.76012939,0.6111347079999999,0.5295211672782898,0.44697700000000007,0.670780232176
57c090c7,0.37592968344688416,0.801193,0.45704499,0.5499965250492099,0.801193,0.45704499,0.45184052,0.37592968344688416,0.6198100000000001,0.437224018201
3bf56119,0.04432899132370949,0.9086145162582401,0.580925107,0.9086145162582401,0.815401,0.63235748,0.580925107,0.04432899132370949,0.158207,0.150832652859
63d6fcf6,0.175544,0.550332147814,0.48585901,0.47537471354007704,0.5366350000000001,0.48585901,0.49872317899999996,0.3492710292339325,0.175544,0.550332147814
9be770cc,0.12283234,0.879138165712,0.390314,0.482298076152802,0.390314,0.12283234,0.360746175,0.33582165837287903,0.49454799999999993,0.879138165712
6905e82d,0.06568787246942501,0.562121,0.317329168,0.06568787246942501,0.562121,0.31788063,0.317329168,0.30682775378227234,0.47089,0.217802905431
5c471255,0.380877,0.838787600398,0.604229271,0.77713605761528,0.380877,0.55009854,0.604229271,0.807752788066864,0.575234,0.838787600398
92a45990,0.102612663433,0.731063,0.56398958,0.330267071723938,0.731063,0.63582695,0.56398958,0.3602575361728668,0.603699,0.102612663433
ac337f79,0.23378800000000002,0.7788587808609009,0.455769722909,0.7788587808609009,0.439931,0.51968038,0.600562811,0.4518330693244934,0.23378800000000002,0.455769722909
9cba91e4,0.040022972971201005,0.6815344095230103,0.30522683300000003,0.040022972971201005,0.305711,0.22001976,0.30522683300000003,0.6815344095230103,0.641184,0.14223560960999998
6247d06a,0.002535,0.79053378,0.128949440923,0.054932657629250994,0.483892,0.79053378,0.48803994100000003,0.0069280038587749004,0.002535,0.128949440923
64a96816,0.051581233739852905,0.629115,0.31211966276168795,0.31211966276168795,0.629115,0.37273404,0.41670107799999995,0.051581233739852905,0.077855,0.131549405958
3ed46d9b,0.346455,0.979936,0.7424984570000001,0.9719614982604979,0.979936,0.85900307,0.7424984570000001,0.5743531584739685,0.346455,0.5325402267279999
8058e7e7,0.099011,0.9941469430923459,0.7947551012039185,0.9941469430923459,0.9513309999999999,0.8020432,0.610723913,0.7947551012039185,0.099011,0.6970273792739999
614d8fdf,0.0066058700904250145,0.52366030216217,0.07303576413539999,0.52366030216217,0.035218,0.19185263,0.085117579,0.0066058700904250145,0.009387999999999999,0.07303576413539999
55bd7491,0.030891000000000002,0.71579099,0.500101626,0.13278096169233303,0.5940449999999999,0.71579099,0.500101626,0.2429513931274414,0.030891000000000002,0.5232380241160001
c76353ea,0.18778716,0.9311889999999999,0.7062015533447266,0.40858764946460707,0.794776,0.18778716,0.441856861,0.7062015533447266,0.9311889999999999,0.840019316971
c56aab52,0.052654,0.977882981300354,0.514192462,0.977882981300354,0.701449,0.90263945,0.514192462,0.1889275759458542,0.052654,0.0733782653231
9929fc67,0.167265385389328,0.67374325,0.461889207,0.651324301958084,0.252692,0.67374325,0.461889207,0.167265385389328,0.292824,0.615807280317
2e1acd63,0.086461693048477,0.9028983116149902,0.710955,0.086461693048477,0.710955,0.62766898,0.7331969140000001,0.9028983116149902,0.726924,0.30057986453200003
b04329c3,0.078277,0.930668652057648,0.466168165,0.930668652057648,0.683199,0.39916453,0.466168165,0.284505307674408,0.078277,0.917968869209
24c5d2ad,0.0430335155805,0.7199,0.161923,0.34480497241020197,0.7199,0.12768771,0.14801228,0.4315349161624909,0.161923,0.0430335155805
a7cd4c8b,0.194450482726097,0.93255413,0.42014399999999996,0.194450482726097,0.42014399999999996,0.93255413,0.62887913,0.2362876385450363,0.45858000000000004,0.271398534253
910c7a11,0.390329,0.9003117680549622,0.73660742268,0.8484857678413391,0.390329,0.70630091,0.645269632,0.9003117680549622,0.8704049999999999,0.73660742268
9ef182ba,0.08151,0.965197205543518,0.304311,0.965197205543518,0.304311,0.292952,0.392870545,0.16417834162712094,0.08151,0.448518712446
7dcfa04d,0.0222715075593,0.562269688,0.5290060000000001,0.052466996014118,0.5445,0.40472379,0.562269688,0.5318856835365295,0.5290060000000001,0.0222715075593
8696136a,0.326919,0.9849041700363159,0.873984098,0.9849041700363159,0.915035,0.96137738,0.873984098,0.7129302024841309,0.326919,0.509627839178
c57f13ef,0.028448896482587,0.9631709999999999,0.325974017,0.028448896482587,0.395698,0.09412275,0.325974017,0.9606456756591796,0.9631709999999999,0.207699948177
e2e957ba,0.41398942,0.776470541954,0.532458067,0.426704287528992,0.5181140000000001,0.41398942,0.532458067,0.7484843134880066,0.618005,0.776470541954
2fd07377,0.176385850459,0.68963,0.365974709391594,0.365974709391594,0.68963,0.43483672,0.589603007,0.259089469909668,0.33048099999999997,0.176385850459
147d59ab,0.056607730686665,0.688005,0.33049414,0.056607730686665,0.064397,0.33049414,0.339227289,0.4847300350666046,0.688005,0.0834985308349
388dd3bb,0.008139,0.515003,0.03157752,0.021952155977487998,0.515003,0.03157752,0.062313624000000005,0.03380661830306053,0.008139,0.017728726123400002
5b6305ad,0.0413351583294,0.6037399999999999,0.203521669,0.278035476803779,0.6037399999999999,0.10624053,0.203521669,0.37575915455818176,0.11908900000000001,0.0413351583294
1dd1c8e2,0.370922,0.977206468582153,0.9229372140000001,0.977206468582153,0.370922,0.93348551,0.9229372140000001,0.4937364459037781,0.631735,0.964255547523
df56ab4b,0.42381795831,0.984619677066803,0.7138440009999999,0.984619677066803,0.86359,0.66326153,0.7138440009999999,0.9751503467559814,0.561531,0.42381795831
02538d0d,0.48306400000000005,0.9657171368598941,0.815181314945221,0.9657171368598941,0.48306400000000005,0.86957055,0.812948942,0.815181314945221,0.7843640000000001,0.952748572826
010dc181,0.359073155373,0.7944869999999999,0.660592,0.588642746210098,0.660592,0.7596404,0.73709321,0.6164720058441162,0.7944869999999999,0.359073155373
6e0c3725,0.24774177,0.736176,0.4561453461647029,0.4561453461647029,0.736176,0.24774177,0.331585407,0.5955994725227356,0.385924,0.487088906765
4936bb64,0.358939,0.9413922429084781,0.597699,0.9413922429084781,0.358939,0.39378878,0.576556444,0.7849351763725281,0.597699,0.742304698378
2cfddca9,0.138503892534,0.7835300000000001,0.33819532394409196,0.33819532394409196,0.7835300000000001,0.56174868,0.43651580799999995,0.17777009308338165,0.17748,0.138503892534
f420301b,0.047219581902027,0.861974,0.407110125,0.047219581902027,0.481182,0.30459338,0.407110125,0.6645737886428833,0.861974,0.104553575255
a972a7db,0.02082940004766,0.5870162844657898,0.16123099999999999,0.02082940004766,0.16123099999999999,0.08929525,0.12304412599999999,0.5870162844657898,0.369664,0.210048523499
095f1797,0.126723349094391,0.734001,0.27710834100000004,0.126723349094391,0.734001,0.26591516,0.27710834100000004,0.5123988986015321,0.623604,0.27707389714200004
ba36851a,0.068914175033569,0.741862952709198,0.31989288,0.068914175033569,0.23640300000000003,0.31989288,0.35041523,0.741862952709198,0.48238400000000003,0.117083137599
6c610fd4,0.371868133172,0.908752,0.551349,0.460310906171798,0.908752,0.55811989,0.520556509,0.8266387581825256,0.551349,0.371868133172
d0b4812d,0.140037548542,0.66647786,0.4736778736114502,0.495909914374352,0.257303,0.66647786,0.45638048600000003,0.4736778736114502,0.485281,0.140037548542
5b155890,0.043641836941300007,0.632957,0.181381,0.07830905914306599,0.181381,0.19281487,0.12857596599999999,0.6031827330589294,0.632957,0.043641836941300007
b5e8f248,0.07197100000000001,0.684448,0.33933889899999997,0.13588981330394698,0.684448,0.54096133,0.33933889899999997,0.22215713560581207,0.07197100000000001,0.473410780728
c4e06675,0.01131088,0.8021119999999999,0.0325264592888,0.023557763546705003,0.8021119999999999,0.01131088,0.030419812,0.28472548723220825,0.0896,0.0325264592888
8f374224,0.15795487,0.667642296851,0.232964769,0.211503721773625,0.249727,0.15795487,0.232964769,0.561003565788269,0.191701,0.667642296851
57b18759,0.051126107573509,0.592825,0.23491900000000002,0.051126107573509,0.592825,0.07231034,0.11078777199999999,0.5498610138893127,0.23491900000000002,0.353239559149
54c012c3,0.130118658394,0.61209351,0.47435390899999996,0.5064712166786189,0.414429,0.61209351,0.47435390899999996,0.5250454545021057,0.233001,0.130118658394
ed366c4e,0.070026,0.9374399999999999,0.25255477,0.07954212278127701,0.070026,0.25255477,0.254222333,0.9224331378936768,0.9374399999999999,0.148649817519
fe3f7d13,0.4290556,0.9768245816230771,0.757008442283,0.9768245816230771,0.637714,0.4290556,0.536293089,0.8538092970848083,0.961043,0.757008442283
97c45082,0.30602586,0.6960423052310001,0.48253900000000005,0.6488980650901789,0.48253900000000005,0.30602586,0.352603525,0.32424771785736084,0.695868,0.6960423052310001
57422abf,0.33257025480270397,0.953169047832489,0.845080495,0.33257025480270397,0.9517639999999999,0.81886816,0.845080495,0.953169047832489,0.936997,0.549786454439
17d13500,0.114573714137,0.69838184,0.372778370976448,0.372778370976448,0.342569,0.69838184,0.40504109899999996,0.42321521043777466,0.180703,0.114573714137
ccc89b62,0.17051145899999998,0.809656,0.38974747,0.37412233650684296,0.809656,0.38974747,0.38977167,0.3970178663730621,0.196193,0.17051145899999998
09e8a5e5,0.0161874860874,0.5236419439315796,0.10168757,0.029091738164425,0.055874,0.10168757,0.12026750300000001,0.5236419439315796,0.36645300000000003,0.0161874860874
90e44340,0.04660282,0.63352370262146,0.490147567727,0.5975566506385811,0.410862,0.04660282,0.379001111,0.63352370262146,0.621199,0.490147567727
f85dfff6,0.0121664767619,0.69556832,0.15939826518297198,0.15939826518297198,0.199979,0.69556832,0.3351807,0.0554831363260746,0.039736,0.0121664767619
020dfbda,0.00041500000000000006,0.9722747802734379,0.7057672740000001,0.9722747802734379,0.780883,0.89920312,0.7057672740000001,0.02316149137914181,0.00041500000000000006,0.235499634966
1ffbf411,0.35796051048699995,0.977291703224182,0.71274972,0.977291703224182,0.583188,0.80899268,0.71274972,0.41734829545021057,0.8944190000000001,0.35796051048699995
ceea2fdf,0.19207586,0.670629,0.5581269860267639,0.44475238025188396,0.620258,0.19207586,0.372728467,0.5581269860267639,0.670629,0.645667288452
7cd4c795,0.09854802489280699,0.5108340382575989,0.296167,0.09854802489280699,0.296167,0.31283578,0.346823007,0.5108340382575989,0.158469,0.228394323401
da9cbaf4,0.03260662406683,0.570245185494,0.158314601,0.03260662406683,0.21475999999999998,0.0451757,0.158314601,0.19483152031898496,0.045324,0.570245185494
2f33c31e,0.021740721538663004,0.5149034261703491,0.0970761100063,0.021740721538663004,0.29538600000000004,0.04936615,0.042646672999999996,0.5149034261703491,0.148034,0.0970761100063
28f5f216,0.037697,0.791193,0.27319992,0.052841987460852,0.037697,0.27319992,0.33095288300000003,0.7715718746185303,0.791193,0.127350058593
de1b8020,0.438551174058,0.974195659160614,0.663972318,0.974195659160614,0.648891,0.91377181,0.663972318,0.7972738742828369,0.596442,0.438551174058
b80c3064,0.03168798,0.7929694652557373,0.201792016625405,0.201792016625405,0.11101300000000001,0.03168798,0.14835535,0.7929694652557373,0.48713100000000004,0.23943025159000006
dc0dc7fe,0.159315837827,0.78623,0.40339899999999995,0.456401079893112,0.78623,0.33827874,0.523468494,0.27451959252357483,0.40339899999999995,0.159315837827
a49f2976,0.359794,0.957426369190216,0.728913,0.957426369190216,0.728913,0.89489508,0.726535499,0.3659952878952025,0.359794,0.8051608875390001
c885c8fb,0.041940116835800005,0.926909,0.20800252258777616,0.34472243487834997,0.926909,0.29491717,0.207587957,0.20800252258777616,0.044311,0.041940116835800005
f39fda18,0.049871,0.5991890000000001,0.261496991,0.567445307970047,0.5991890000000001,0.26974621,0.261496991,0.18372002243995667,0.049871,0.0966450519859
3bde5fa5,0.138441,0.94900624752,0.4124104678630829,0.277984321117401,0.138441,0.3754651,0.624452651,0.4124104678630829,0.779134,0.94900624752
844f2bfa,0.017322095111012,0.8870309999999999,0.0406625799136,0.017322095111012,0.8870309999999999,0.01822939,0.05027942,0.2805875539779663,0.022369999999999998,0.0406625799136
4d5e1ea0,0.08123699575662599,0.851989254355,0.26549655199050903,0.08123699575662599,0.447508,0.18071428,0.32115420699999997,0.26549655199050903,0.261343,0.851989254355
8ae998ba,0.00647104,0.5232007503509521,0.053296,0.012573705986142,0.25458400000000003,0.00647104,0.025000161,0.5232007503509521,0.053296,0.07034704787650001
587bf099,0.23731999999999998,0.85381866,0.574283123,0.768001794815063,0.39869899999999997,0.85381866,0.574283123,0.3776943981647492,0.23731999999999998,0.7929982051250001
b10b49f8,0.030046273022889997,0.6319883465766907,0.13724384,0.030046273022889997,0.040530000000000004,0.13724384,0.211078033,0.6319883465766907,0.156368,0.132040255144
1ca3c9ec,0.141262,0.95919531583786,0.7016395329999999,0.95919531583786,0.849133,0.83629555,0.7016395329999999,0.22479233145713806,0.141262,0.174692148948
dbc9cdf1,0.1628229,0.8238702416419983,0.529166013002396,0.529166013002396,0.16786099999999998,0.1628229,0.518443644,0.8238702416419983,0.567513,0.711005280912
72b7819c,0.15051190555095673,0.755131,0.392252594232559,0.392252594232559,0.755131,0.39336178,0.551269352,0.15051190555095673,0.345119,0.228601068724
1f0f8e85,0.08550163358449936,0.631797740608,0.33646521,0.252404525876046,0.371778,0.33646521,0.229168609,0.08550163358449936,0.41572,0.631797740608
914dced2,0.104782122373,0.869935,0.615460455,0.547624915838241,0.869935,0.66062242,0.615460455,0.7173767685890198,0.5566800000000001,0.104782122373
e78ddb82,0.06969146430492401,0.786445,0.221611,0.06969146430492401,0.786445,0.0936958,0.208013862,0.3358102738857269,0.221611,0.243609059602
51062fd7,0.036803640425205,0.767894,0.2729877829551697,0.036803640425205,0.767894,0.28700352,0.190724686,0.2729877829551697,0.435493,0.0512779894983
6b055252,0.326098,0.777469493449,0.5412374436855321,0.5412374436855321,0.326098,0.51969081,0.522132397,0.7205532789230347,0.662719,0.777469493449
e84e4298,0.175367,0.9949086308479309,0.910604477,0.9949086308479309,0.175367,0.98096043,0.910604477,0.8396081328392029,0.9703299999999999,0.640404874087
076589f2,0.004135,0.615413,0.0548595751752,0.030825590714811998,0.615413,0.16849408,0.164052054,0.02867958135902882,0.004135,0.0548595751752
bb478cae,0.205366194248199,0.7935194373130798,0.499565,0.205366194248199,0.499565,0.3957608,0.43001306100000003,0.7935194373130798,0.773447,0.602650903165
5a17b824,0.04068561,0.9542280000000001,0.705535918474197,0.705535918474197,0.744115,0.04068561,0.332458347,0.8678098320960999,0.9542280000000001,0.556627698988
93e299b6,0.34880300000000003,0.93511563539505,0.66034305,0.93511563539505,0.34880300000000003,0.66034305,0.598271728,0.7314226031303406,0.813062,0.374773277994
e9ee98da,0.013484000000000001,0.76550287,0.442639716715,0.438861519098282,0.6147050000000001,0.76550287,0.48457142700000005,0.027823928743600845,0.013484000000000001,0.442639716715
1a6fd33e,0.10112643986940384,0.80707276,0.598762,0.723737895488739,0.598762,0.80707276,0.64944464,0.10112643986940384,0.118075,0.27461085966800003
b26da393,0.437282795087,0.867475,0.615371943,0.698716312646866,0.867475,0.53324848,0.615371943,0.5230191349983215,0.6731560000000001,0.437282795087
a6ab4353,0.337425286137,0.9660639999999999,0.59132314,0.560611218214035,0.799556,0.59132314,0.503829062,0.9409216046333312,0.9660639999999999,0.337425286137
2b6e8231,0.023689312324900003,0.516586,0.07349845,0.026020267978310998,0.516586,0.07349845,0.09910362199999999,0.08847904950380325,0.051611000000000004,0.023689312324900003
acbd4462,0.128908861056,0.6753754615783691,0.47616428,0.4567872583866121,0.253913,0.47616428,0.505214214,0.6753754615783691,0.579661,0.128908861056
4e5f188f,0.021129777655005004,0.545818030834198,0.22491615098,0.021129777655005004,0.284484,0.04028668,0.105336279,0.545818030834198,0.28244600000000003,0.22491615098
3131bac2,0.23275139927864075,0.978881,0.89637148,0.974274098873138,0.978881,0.89637148,0.6665549279999999,0.23275139927864075,0.8051699999999999,0.919600963592
c52d4735,0.4279606,0.843505173921585,0.672502,0.843505173921585,0.6072270000000001,0.4279606,0.47524136299999997,0.83428955078125,0.672502,0.806207239628
777e918e,0.099368,0.89319634437561,0.6931541562080383,0.89319634437561,0.099368,0.63118571,0.675439,0.6931541562080383,0.832161,0.714300171286
5edf8257,0.26285818,0.662595891207,0.325554,0.27105224132537803,0.325554,0.26285818,0.264967054,0.4312351942062378,0.348648,0.662595891207
f5643fec,0.0016539999999999999,0.6864360868930811,0.13428299999999999,0.6864360868930811,0.13428299999999999,0.21012743,0.158401698,0.043231986463069916,0.0016539999999999999,0.0866886702599
f6383a5e,0.47920516,0.993063747882843,0.9240459999999999,0.921331644058228,0.9240459999999999,0.47920516,0.616825223,0.993063747882843,0.940943,0.944169336557
7686a991,0.216543975472,0.9385379999999999,0.672035038,0.854766726493835,0.9385379999999999,0.66857719,0.672035038,0.8219642639160156,0.624464,0.216543975472
1ffc4b1b,0.028474,0.7836444973945609,0.38390404,0.7836444973945609,0.762935,0.53504789,0.38390404,0.05883210897445679,0.028474,0.31539360509500003
f2de5d65,0.193915155018,0.8635200000000001,0.3903428018093111,0.3903428018093111,0.8635200000000001,0.3207818,0.25314891300000003,0.39687153697013855,0.5188699999999999,0.193915155018
4f0b2b92,0.105701,0.986125409603119,0.8087270000000001,0.986125409603119,0.105701,0.67472458,0.477911472,0.8825392723083496,0.8087270000000001,0.825301539898
fa54293b,0.27548474100000003,0.6505260765552529,0.492968652211,0.6505260765552529,0.5640310000000001,0.30278412,0.27548474100000003,0.5894783139228821,0.46169899999999997,0.492968652211
8bc9742d,0.2511,0.9987754225730899,0.8990149497985841,0.9987754225730899,0.2511,0.90784109,0.69749552,0.8990149497985841,0.7268720000000001,0.904294999689
e10f4392,0.00220799,0.941364884376526,0.031746216956599994,0.045706229284406,0.017369,0.00220799,0.006912874,0.941364884376526,0.151082,0.031746216956599994
f6988945,0.06029041,0.9449406862258912,0.257872442529,0.46172708272934004,0.179254,0.06029041,0.10445641,0.9449406862258912,0.685612,0.257872442529
b17fc779,0.07745964080095301,0.848800778388977,0.395978659,0.07745964080095301,0.526976,0.27607682,0.395978659,0.848800778388977,0.435946,0.150954235275
7fc4ec36,0.040899,0.701432764530182,0.121601015,0.701432764530182,0.040899,0.1155651,0.121601015,0.13441060483455658,0.067746,0.292895420268
72481332,0.218543127,0.69302,0.27305412,0.482541933655738,0.258241,0.27305412,0.218543127,0.41524598002433777,0.69302,0.239006065298
e7f5ccba,0.19613599999999998,0.5901106595993042,0.342053,0.299734801054001,0.19613599999999998,0.45722687,0.5301738979999999,0.5901106595993042,0.342053,0.319107042812
b77deb16,0.092616625037,0.554057240486145,0.243253335356712,0.243253335356712,0.214015,0.4223972,0.40149793,0.554057240486145,0.209263,0.092616625037
2893de1d,0.050002,0.6737458109855652,0.10564950099999999,0.308023735880852,0.050002,0.05813745,0.10564950099999999,0.6737458109855652,0.07965599999999999,0.499610929191
663a0e81,0.107464,0.945102512836456,0.38901836,0.945102512836456,0.7748149999999999,0.38901836,0.40671712200000004,0.16990913450717926,0.107464,0.272904934315
b68fda7b,0.4311385340990001,0.8640959999999999,0.63834172,0.478389739990234,0.8640959999999999,0.63834172,0.503945291,0.7420945763587952,0.770171,0.4311385340990001
ee809167,0.0715853013332,0.81337339,0.435924142599106,0.435924142599106,0.2736,0.81337339,0.712508202,0.3004267513751984,0.512703,0.0715853013332
6a5c8da8,0.035207999999999996,0.9994584918022159,0.985993,0.9994584918022159,0.035207999999999996,0.98399121,0.994965553,0.9951348900794984,0.985993,0.984407222271
98cf7b29,0.29533000000000004,0.965445339679718,0.61401421,0.965445339679718,0.29533000000000004,0.61401421,0.519370198,0.4137885570526123,0.8685930000000001,0.861071461439
92165d7c,0.1098420023918152,0.93436486,0.735424603522,0.9304277300834659,0.895768,0.93436486,0.5655124189999999,0.1098420023918152,0.20192100000000002,0.735424603522
bda9d3f7,0.28453232180300003,0.8681178689002991,0.79540086,0.8681178689002991,0.82715,0.79540086,0.772036493,0.5981173515319824,0.812349,0.28453232180300003
8288ecbc,0.093138,0.9846767783164979,0.7417780759999999,0.9846767783164979,0.918373,0.86519015,0.7417780759999999,0.4437824189662933,0.093138,0.6721848506479999
f2101db5,0.04872225597500799,0.745695,0.169755,0.04872225597500799,0.745695,0.08484555,0.200562045,0.2365262508392334,0.169755,0.168803756172
0c6ce303,0.13339382410049438,0.83328831,0.353061872348,0.6704210937023171,0.27723600000000004,0.83328831,0.64788872,0.13339382410049438,0.163203,0.353061872348
a8750a23,0.26817954,0.9227450489997859,0.6690117120742798,0.9227450489997859,0.914709,0.26817954,0.499710441,0.6690117120742798,0.531518,0.6720768183470001
7a0f2f2f,0.359056279436,0.908495,0.494095564,0.536139279603958,0.908495,0.42930469,0.494095564,0.7212543487548828,0.388917,0.359056279436
343c2321,0.0258865023497,0.679505,0.13462647795677185,0.07231910526752498,0.679505,0.28609535,0.34118759600000004,0.13462647795677185,0.10319300000000001,0.0258865023497
4ab48f91,0.12242,0.85664,0.53275985,0.603103905916213,0.85664,0.53275985,0.524088442,0.2147809863090515,0.12242,0.848917257786
403b44fb,0.21442359685897827,0.951606690883636,0.61405581,0.951606690883636,0.362729,0.61405581,0.688432217,0.21442359685897827,0.589098,0.7410792127249999
0c758a71,0.047231,0.901753,0.485537141561509,0.485537141561509,0.901753,0.56374937,0.36135256299999996,0.5000826716423035,0.047231,0.173929528333
dca344ad,0.236202000035,0.674078,0.4176382720470429,0.5658524632453921,0.674078,0.33082694,0.37655600899999997,0.4176382720470429,0.534304,0.236202000035
60161993,0.489826500415802,0.8448950000000001,0.68716836,0.620204120874405,0.8448950000000001,0.72763181,0.68716836,0.489826500415802,0.6785720000000001,0.8287539690729999
604418cf,0.21441346406936648,0.9877396225929259,0.809139439464,0.9877396225929259,0.9013450000000001,0.92745423,0.713822842,0.21441346406936648,0.4874,0.809139439464
17e1ddd6,0.190615,0.996510207653046,0.945182,0.996510207653046,0.945182,0.94656557,0.934385061,0.9136387705802916,0.190615,0.976681417227
d0868f38,0.05656,0.5558214485645289,0.268317,0.5558214485645289,0.05656,0.53410017,0.275514305,0.2033797651529312,0.268317,0.152141392883
9cc731e6,0.449623346329,0.9509569999999999,0.810818,0.877492487430573,0.9509569999999999,0.76671463,0.7718880770000001,0.8173331618309021,0.810818,0.449623346329
b7073f4b,0.057257,0.6797360777854919,0.413714,0.394025370478631,0.057257,0.51727688,0.506990552,0.6797360777854919,0.413714,0.207680541277
b5634a66,0.030901404097676003,0.5963035225868225,0.07483279150910001,0.030901404097676003,0.241815,0.05885247,0.18263913699999998,0.5963035225868225,0.04539,0.07483279150910001
431c633e,0.390158355,0.834433,0.6732631921768188,0.814701020717621,0.790207,0.42920402,0.390158355,0.6732631921768188,0.834433,0.4792083892970001
af587b12,0.28220700000000004,0.7408779524269999,0.514621,0.630501687526703,0.28220700000000004,0.55546898,0.482192785,0.3349040448665619,0.514621,0.7408779524269999
3e01d989,0.059238,0.971831440925598,0.400138,0.971831440925598,0.400138,0.68657333,0.542262912,0.11068160086870192,0.059238,0.358072073106
23b33e7e,0.16509211,0.5979874134063721,0.290249204822,0.500166445970535,0.30296100000000004,0.16509211,0.165935636,0.5979874134063721,0.200475,0.290249204822
0961bca0,0.4975218772888184,0.985342621803284,0.92067248,0.985342621803284,0.981196,0.92067248,0.766443729,0.4975218772888184,0.837253,0.967886668444
59f38354,0.0973094031214714,0.979278028011322,0.799559593,0.979278028011322,0.8454709999999999,0.80610108,0.799559593,0.0973094031214714,0.600334,0.69020716697
33e97dee,0.177531,0.974913173914,0.95666653,0.9704924225807191,0.177531,0.95666653,0.932842493,0.969776451587677,0.610827,0.974913173914
2331401b,0.01060105394572,0.5832230448722839,0.062088396,0.01060105394572,0.181803,0.01270804,0.062088396,0.5832230448722839,0.100034,0.0573122045142
fcf0751d,0.028569865971804,0.540149,0.295476556,0.028569865971804,0.53525,0.21757014,0.295476556,0.3351986110210419,0.540149,0.0596025452716
6ac5eb8d,0.038938,0.5324880480766296,0.2300145,0.061999764293432,0.038938,0.2300145,0.255512416,0.5324880480766296,0.35364,0.0876893558539
992a9418,0.44677,0.765066,0.57714623,0.49624091386795,0.765066,0.57714623,0.540521085,0.6488625407218933,0.44677,0.581679178774
82b0e16b,0.109213666245,0.852165,0.46082056,0.42188638448715204,0.852165,0.46082056,0.606341124,0.7849892377853394,0.167638,0.109213666245
97591ef3,0.040830165147781,0.9585933089256288,0.26910507699999997,0.040830165147781,0.153942,0.17081362,0.26910507699999997,0.9585933089256288,0.909666,0.957599335909
cc0a4c2d,0.275816,0.841529548168182,0.62822872,0.841529548168182,0.811878,0.62822872,0.624437034,0.36260893940925604,0.275816,0.6336079701780001
aadff1eb,0.058449324220419006,0.836291,0.70563,0.058449324220419006,0.836291,0.74538821,0.754840255,0.13053138554096222,0.70563,0.119490014482
6c08394b,0.404534,0.889021,0.7119768259999999,0.8378146886825558,0.889021,0.69927526,0.7119768259999999,0.8071607947349548,0.404534,0.407352497056
89ac5690,0.319030448794365,0.7431479692459106,0.47160571799999995,0.319030448794365,0.606966,0.46982127,0.47160571799999995,0.7431479692459106,0.517953,0.353124849917
8d36092f,0.07175286114215851,0.9972721934318539,0.7471409999999999,0.9972721934318539,0.7471409999999999,0.99229294,0.88816458,0.07175286114215851,0.102841,0.590159765631
d623e6f9,0.06110381,0.8480930328369141,0.14854063838720302,0.14854063838720302,0.173518,0.06110381,0.082500823,0.8480930328369141,0.085789,0.34690560773
3cd6dd28,0.299034,0.866296,0.512532353,0.664219498634338,0.866296,0.5198682,0.512532353,0.3556092083454132,0.299034,0.374383721687
6c34da5f,0.11978499999999999,0.957739412784576,0.490055829,0.957739412784576,0.756786,0.42151907,0.490055829,0.3251369595527649,0.11978499999999999,0.618547126651
2d662772,0.296018,0.697882,0.415838361,0.315761446952819,0.296018,0.4502303,0.415838361,0.5692543387413025,0.697882,0.337177599221
db5ed1b8,0.021424740552902,0.5617949999999999,0.25974086,0.021424740552902,0.5617949999999999,0.25974086,0.37449973799999997,0.3052976429462433,0.065014,0.142338964343
f9e02c64,0.016138,0.999254286289215,0.81889677,0.999254286289215,0.016138,0.81637383,0.81889677,0.9876490235328674,0.69971,0.993125528097
626cc2e8,0.21651120483875275,0.9600732922554019,0.650686622,0.9600732922554019,0.560783,0.64326382,0.650686622,0.21651120483875275,0.820126,0.900910556316
b85f0ca9,0.40664,0.9911190867424008,0.73369396,0.9911190867424008,0.40664,0.73369396,0.705050051,0.7939057350158691,0.6020939999999999,0.872212314606
40677f7e,0.145834,0.993349730968475,0.432280719,0.993349730968475,0.145834,0.87031138,0.432280719,0.5921360850334167,0.323854,0.184798575565
39f9fcf2,0.444400211424,0.8547431826591491,0.56806958,0.8547431826591491,0.7835300000000001,0.56806958,0.53582406,0.7704299688339233,0.56715,0.444400211424
b0cdd6c9,0.20063,0.944561064243317,0.73219669,0.944561064243317,0.20063,0.73219669,0.713614583,0.7541341185569763,0.931383,0.560938098654
e9f34395,0.433281241916,0.7477689999999999,0.644846,0.46163950860500297,0.644846,0.65906268,0.602449119,0.6892315149307251,0.7477689999999999,0.433281241916
99bbe8c0,0.284895003,0.961913347244263,0.584781,0.961913347244263,0.43506999999999996,0.38746089,0.284895003,0.6214954257011414,0.584781,0.6296307817100001
e2270219,0.2764977514743805,0.732476798445,0.48830789,0.518652588129043,0.48366499999999996,0.48830789,0.651131213,0.2764977514743805,0.312321,0.732476798445
ed33d36c,0.10489805787801744,0.9608690000000001,0.45275226,0.36668597161769895,0.47561499999999995,0.45275226,0.500050664,0.10489805787801744,0.9608690000000001,0.111211066926
276d5f72,0.009242,0.6109060000000001,0.09743728,0.026196094229817,0.6109060000000001,0.09743728,0.051188316,0.10475344210863112,0.009242,0.107444984955
e7f63d52,0.04583797790110201,0.869081,0.09323909,0.04583797790110201,0.048026,0.09323909,0.056313872,0.7611170411109924,0.869081,0.105879235454
0a469f82,0.4106706976890564,0.7808403655889999,0.67104995,0.717828661203385,0.615284,0.67104995,0.699298918,0.4106706976890564,0.451367,0.7808403655889999
efb61a51,0.142814,0.5801772479999999,0.34080845117569,0.34080845117569,0.340706,0.49195966,0.5801772479999999,0.18971554934978485,0.142814,0.4835957686420001
d80b32aa,0.20503000000000002,0.982855319976807,0.755016028881073,0.982855319976807,0.20503000000000002,0.83869213,0.668347597,0.755016028881073,0.8926649999999999,0.29804455461
ef0e9b5a,0.19405075907707212,0.838618,0.372828603,0.8138821125030521,0.838618,0.22582285,0.372828603,0.19405075907707212,0.24814499999999998,0.437725679576
32eb2a0f,0.49539099999999997,0.856938004493713,0.520101251267,0.856938004493713,0.49539099999999997,0.50931466,0.501998365,0.5690913796424866,0.7387699999999999,0.520101251267
1fb76118,0.210686,0.816281003133,0.50512117,0.629035115242005,0.210686,0.50512117,0.44636935,0.4408856928348541,0.5205810000000001,0.816281003133
cbc22150,0.16936003,0.5823119999999999,0.277858675,0.26038765907287603,0.40579899999999997,0.16936003,0.277858675,0.2897280752658844,0.5823119999999999,0.211143115815
bf558d13,0.13687926530838,0.9811328053474426,0.48999,0.13687926530838,0.48999,0.30523542,0.368227929,0.9811328053474426,0.9646020000000001,0.8368006914849999
cc9c4fef,0.009548000000000001,0.61692214,0.301588019496,0.54235851764679,0.07347000000000001,0.61692214,0.538841009,0.013742377981543541,0.009548000000000001,0.301588019496
009cb34f,0.324427,0.9249809999999999,0.7766823768615723,0.8423285782337192,0.324427,0.48946294,0.614671111,0.7766823768615723,0.9249809999999999,0.8252718962729999
112fdc7c,0.35484409,0.684793,0.470646381,0.41911932826042203,0.684793,0.35484409,0.470646381,0.5076532959938049,0.6499119999999999,0.432363028079
287a8943,0.359713,0.997863471508026,0.991093,0.995501101016998,0.359713,0.95246601,0.965278506,0.997863471508026,0.991093,0.995204508305
628678d8,0.42174772555,0.986688315868378,0.6075020432472229,0.986688315868378,0.744441,0.79889643,0.482318223,0.6075020432472229,0.47987299999999994,0.42174772555
f22485ec,0.267293,0.937346023321,0.7865599989891052,0.928023636341095,0.267293,0.80518067,0.687430263,0.7865599989891052,0.735262,0.937346023321
d8712305,0.066858,0.69838142693,0.5686174629999999,0.422184213995934,0.066858,0.54984367,0.5686174629999999,0.6394341588020325,0.610789,0.69838142693
295e8d17,0.01308217,0.818449,0.042234175,0.014954346232116,0.238554,0.01308217,0.042234175,0.5657292008399963,0.818449,0.040984827932
a7f55070,0.14138599999999998,0.7032065391540527,0.34823110700000004,0.479289799928665,0.14138599999999998,0.33012086,0.34823110700000004,0.7032065391540527,0.483651,0.314842530712
eef2452d,0.045775201171637,0.581957,0.112760616373,0.045775201171637,0.581957,0.04673366,0.101176351,0.3724490702152252,0.155366,0.112760616373
bb7fe55e,0.278963312506675,0.9631719999999999,0.7495279908180237,0.278963312506675,0.9631719999999999,0.6325382,0.54520607,0.7495279908180237,0.760754,0.838453943282
f2f7c44b,0.160714240652,0.979812860488892,0.655564547,0.979812860488892,0.301985,0.86114675,0.655564547,0.7558620572090149,0.30386199999999997,0.160714240652
b2e50b39,0.254626606964,0.941911,0.7575845718383789,0.880964279174805,0.941911,0.67020315,0.730504811,0.7575845718383789,0.799517,0.254626606964
0632b82b,0.48645299999999997,0.996789515018463,0.982936203,0.996789515018463,0.48645299999999997,0.98581088,0.982936203,0.977829098701477,0.9795940000000001,0.99351657033
33628315,0.48128235,0.918424844741821,0.7262489199638367,0.918424844741821,0.837512,0.48128235,0.588199079,0.7262489199638367,0.728885,0.611976411938
fa27fb06,0.192737,0.984610080718994,0.46945446700000004,0.427789822220803,0.192737,0.39902061,0.46945446700000004,0.984610080718994,0.974851,0.8712292980399999
102cc533,0.053601976484059996,0.580684,0.1633058488368988,0.053601976484059996,0.580684,0.30858111,0.23284371199999998,0.1633058488368988,0.155394,0.0601950435434
6e693b55,0.033094,0.501955330371857,0.331804752,0.501955330371857,0.033094,0.19133085,0.331804752,0.3516417443752289,0.379643,0.31745428260200004
76524a33,0.08232561841139999,0.7402569999999999,0.5650511979999999,0.6835393607616421,0.583619,0.48919341,0.5650511979999999,0.44042325019836426,0.7402569999999999,0.08232561841139999
8fd16b45,0.4587229192256928,0.9850760000000001,0.93475801,0.968029618263245,0.9850760000000001,0.93475801,0.7665324809999999,0.4587229192256928,0.692662,0.972881865501
de17a92d,0.00086987,0.877057,0.0189822837012,0.006566445343196,0.877057,0.00086987,0.017216174,0.3015950620174408,0.068057,0.0189822837012
3d9d5d0a,0.47977972,0.9743748307228092,0.6418520286680001,0.9743748307228092,0.761309,0.47977972,0.554001749,0.7090175747871399,0.5659850000000001,0.6418520286680001
d3b661d1,0.409202784,0.8858309999999999,0.5357913374900818,0.652826368808746,0.8858309999999999,0.498716,0.409202784,0.5357913374900818,0.710821,0.507327049971
28a3410a,0.317356257885,0.961948573589325,0.560492694,0.961948573589325,0.8768530000000001,0.52042109,0.560492694,0.6122501492500305,0.47612899999999997,0.317356257885
bea698d4,0.455347,0.82560754,0.647804170846939,0.647804170846939,0.455347,0.82560754,0.69493258,0.7635826468467712,0.61388,0.526705633104
fa1adbf1,0.326913,0.987518966197968,0.9092319999999999,0.987518966197968,0.326913,0.93871695,0.8670881990000001,0.8429816365242004,0.9092319999999999,0.939238637686
6328108a,0.036642,0.582232,0.216623992,0.337379261851311,0.036642,0.12702797,0.216623992,0.4663060903549194,0.582232,0.117563792225
69a787ad,0.119719766639,0.8851370000000001,0.64211029,0.8317740559577941,0.8851370000000001,0.64211029,0.6709812279999999,0.3083541989326477,0.566813,0.119719766639
f36504ee,0.17975874,0.713826596736908,0.5729249119758606,0.713826596736908,0.46743900000000005,0.17975874,0.33721327799999995,0.5729249119758606,0.573024,0.70023119133
3a5b4e9b,0.056230880320071994,0.985653042793274,0.365005922737,0.056230880320071994,0.630911,0.08471195,0.195892856,0.985653042793274,0.9368719999999999,0.365005922737
dd278a47,0.351437,0.9816710948944091,0.852761346102,0.9816710948944091,0.351437,0.9541679,0.742043078,0.8406156897544861,0.94611,0.852761346102
b971a89f,0.26565300000000003,0.994600415229797,0.729264736,0.994600415229797,0.974139,0.6584577,0.729264736,0.788244903087616,0.26565300000000003,0.449851299636
2fb2bf43,0.00624867,0.7368634343147278,0.143653,0.013806573115289,0.143653,0.00624867,0.111325249,0.7368634343147278,0.515185,0.213551558182
41c8f59d,0.496217,0.906322,0.52748281,0.5918964445590971,0.906322,0.52748281,0.521182299,0.5228205919265747,0.496217,0.58163107615
cd54eab7,0.07230700000000001,0.67341148853302,0.185470253,0.67341148853302,0.202713,0.15473329,0.185470253,0.2807343304157257,0.07230700000000001,0.180253834836
0925e0f3,0.277198881,0.561501,0.40232950151,0.530370891094207,0.561501,0.35315037,0.277198881,0.5471692681312561,0.293644,0.40232950151
2905e883,0.051745000000000006,0.9363520000000001,0.70098561,0.39067985117435405,0.051745000000000006,0.5775156,0.70098561,0.8225957155227661,0.9363520000000001,0.822045181692
a41c4e66,0.351128,0.9929528832435609,0.952333,0.9929528832435609,0.351128,0.95350474,0.915618539,0.8826323747634888,0.952333,0.965016806126
ae6960d4,0.4922087788581848,0.984770596028,0.935996532,0.979447245597839,0.806606,0.84436345,0.935996532,0.4922087788581848,0.9585610000000001,0.984770596028
13c555da,0.017826993018388748,0.60415715,0.264656,0.46557405591011,0.264656,0.60415715,0.450217277,0.017826993018388748,0.040355,0.038815700844900006
45b17db1,0.07235499,0.790107,0.2348223030567169,0.078363917768002,0.790107,0.07235499,0.20552994300000002,0.2348223030567169,0.24379299999999998,0.5494464892890001
d345c4c6,0.371563628315925,0.997324,0.819994,0.371563628315925,0.997324,0.88899261,0.703888655,0.8271277546882629,0.819994,0.782653640211
ddc3fa9f,0.244961,0.92480742931366,0.699865950644,0.92480742931366,0.902958,0.78894126,0.562438488,0.5153474807739258,0.244961,0.699865950644
7244e8c2,0.493167613074,0.918071031570435,0.7242355942726135,0.918071031570435,0.8193540000000001,0.68055081,0.573409915,0.7242355942726135,0.842635,0.493167613074
39194f5b,0.16785234580699998,0.771947,0.45330569,0.45085713267326294,0.43282600000000004,0.45330569,0.495420605,0.5777602195739746,0.771947,0.16785234580699998
b4d31d23,0.09164797514677,0.7228829999999999,0.20942698419094088,0.09164797514677,0.571044,0.1429458,0.174501911,0.20942698419094088,0.7228829999999999,0.46247908806
04b1fd61,0.019899,0.8420138955116272,0.312931426242,0.620155543088913,0.019899,0.24155375,0.250537813,0.8420138955116272,0.808613,0.312931426242
b8ecb76c,0.132293,0.77280205,0.381177,0.549511402845382,0.381177,0.77280205,0.513402045,0.2515933215618133,0.132293,0.25068975566
a4e2734d,0.08634819,0.729334,0.254457602464,0.287456169724465,0.729334,0.08634819,0.161135107,0.39653608202934265,0.16180899999999998,0.254457602464
490b57dc,0.14319300000000001,0.84557486,0.620836079120636,0.7957347631454471,0.14319300000000001,0.84557486,0.691068232,0.620836079120636,0.49823599999999996,0.314366221731
58d12303,0.277105336252,0.87294590473175,0.73522931,0.87294590473175,0.792049,0.73522931,0.7189453840000001,0.4776335954666138,0.779987,0.277105336252
06bbafe1,0.193673009519,0.85192734003067,0.70006889,0.85192734003067,0.415861,0.70006889,0.601296425,0.8444669842720032,0.745323,0.193673009519
34c9762e,0.219783,0.68103766,0.4262652099132538,0.678506880998611,0.306842,0.68103766,0.63769275,0.4262652099132538,0.219783,0.329131236672
ea3ca210,0.018768,0.853834,0.2605693,0.049921840429306,0.853834,0.2605693,0.32367304,0.06278320401906967,0.018768,0.388235426042
f451a7c3,0.33466063439846,0.67428303,0.507721,0.33466063439846,0.666103,0.67428303,0.617189705,0.4929530024528504,0.507721,0.462531600986
cfdf57f2,0.410236,0.9343670606613159,0.63494682,0.9343670606613159,0.410236,0.63494682,0.5041614170000001,0.7249549627304077,0.8496090000000001,0.451360976323
d10e56a1,0.0369579051621,0.542393177747726,0.238656953,0.542393177747726,0.357983,0.30545348,0.238656953,0.1182834580540657,0.043007,0.0369579051621
35dc2fa8,0.029526,0.681359,0.193992138,0.073291450738907,0.029526,0.21085054,0.193992138,0.461530476808548,0.681359,0.0901370620355
95d5620a,0.388757991418,0.9366760849952701,0.7792907357215881,0.9366760849952701,0.8800370000000001,0.59921527,0.63142848,0.7792907357215881,0.801828,0.388757991418
d65cd207,0.4550589,0.974984169006348,0.691731,0.974984169006348,0.706933,0.4550589,0.503514826,0.6465662717819214,0.691731,0.849365878105
08f77f45,0.46125600000000005,0.9786674380302429,0.7243098020000001,0.9786674380302429,0.46125600000000005,0.69259775,0.7243098020000001,0.6738606691360474,0.849843,0.94765342474
0d9883e6,0.272744,0.9408751130104064,0.9002565741539,0.9002565741539,0.272744,0.82802802,0.937731028,0.9408751130104064,0.8340879999999999,0.939830094576
8e9b65eb,0.203479,0.65257,0.35591626200000004,0.26868398487567896,0.65257,0.48622942,0.35591626200000004,0.3366319239139557,0.203479,0.647915765643
fdb688d4,0.0299961324316,0.768134,0.06388910099999999,0.22648230195045496,0.768134,0.03336916,0.06388910099999999,0.3208934664726257,0.035622,0.0299961324316
75407d17,0.058462530374527,0.7547579407691956,0.34607464,0.058462530374527,0.263086,0.34607464,0.346731842,0.7547579407691956,0.35685700000000004,0.31019804622
6d83f1fa,0.348177,0.9772836565971371,0.84078306,0.9772836565971371,0.348177,0.84078306,0.724761546,0.8191394209861755,0.92795,0.908076184988
ceb1015b,0.309253,0.9942629933357242,0.9647030000000001,0.9942629933357242,0.9647030000000001,0.56693465,0.8294292090000001,0.9698301553726196,0.309253,0.968663346767
6eb6db7a,0.104401784856,0.7841359999999999,0.42789436876773795,0.42789436876773795,0.502985,0.26928151,0.315014958,0.6099285483360289,0.7841359999999999,0.104401784856
fd445fec,0.401023,0.95609933,0.563613534,0.955470204353333,0.401023,0.95609933,0.563613534,0.44593101739883423,0.499492,0.809855484962
af5a6b11,0.006046860478818001,0.557440792769,0.17855644199999998,0.006046860478818001,0.116557,0.15978576,0.17855644199999998,0.3136654794216156,0.254614,0.557440792769
0d95ae93,0.016145,0.9709404706954959,0.366706914548,0.9709404706954959,0.724618,0.3732399,0.226347446,0.09521926194429398,0.016145,0.366706914548
1ef6093b,0.10741502,0.732887864112854,0.155763,0.17452440410852402,0.420227,0.11694391,0.10741502,0.732887864112854,0.155763,0.116043242626
898c7fae,0.24466063,0.8475673854350001,0.6568350000000001,0.731619477272034,0.6568350000000001,0.24466063,0.424189001,0.2561749517917633,0.6723180000000001,0.8475673854350001
9f509f53,0.064569741487503,0.871384,0.39384145,0.064569741487503,0.871384,0.39384145,0.30500412,0.22157883644104004,0.831829,0.644934030436
f9367691,0.33006123,0.863584,0.625668,0.663192570209503,0.625668,0.33006123,0.5085853929999999,0.5845144987106323,0.863584,0.8422810673710001
34a34c98,0.298707515001297,0.943751513957977,0.834254,0.943751513957977,0.834254,0.85490388,0.710132599,0.298707515001297,0.811437,0.9174908638
23b0f6ec,0.187904179096222,0.7609502077102661,0.64127111,0.187904179096222,0.716043,0.64127111,0.530907393,0.7609502077102661,0.64812,0.349341604113
eed2553d,0.010439070872962,0.5675492882728577,0.1051,0.010439070872962,0.1051,0.06402012,0.10868051599999999,0.5675492882728577,0.24206399999999997,0.0238170454278
9d57016d,0.341126382,0.8128272294998169,0.60837412,0.6749285459518429,0.709316,0.60837412,0.341126382,0.8128272294998169,0.485125,0.351098549459
e1ac06d9,0.030146,0.7630802989006042,0.256344,0.117272261530161,0.030146,0.71681011,0.389076561,0.7630802989006042,0.256344,0.102802299331
7c257605,0.367528777011,0.9904391765594479,0.595841,0.9904391765594479,0.595841,0.74923384,0.41489109399999996,0.9241884350776672,0.5831970000000001,0.367528777011
870447f4,0.01745245,0.597015,0.073599137,0.019102519378066004,0.597015,0.01745245,0.073599137,0.476843386888504,0.204465,0.0305998714291
55e23db6,0.347514,0.9956405162811279,0.91851324,0.9956405162811279,0.9647100000000001,0.91851324,0.905116916,0.5179163217544556,0.347514,0.979611593485
574f3570,0.415581149235,0.99554032087326,0.816978157,0.99554032087326,0.86085,0.79858577,0.816978157,0.9732623100280762,0.572804,0.415581149235
bdefeba8,0.016377495601773002,0.657134,0.135357007,0.016377495601773002,0.034579,0.13594125,0.135357007,0.38071948289871216,0.657134,0.130656885006
8b0621d7,0.426795,0.957495212554932,0.702922,0.957495212554932,0.702922,0.70392829,0.6853066090000001,0.5015015006065369,0.426795,0.814109247923
c3fe7e8e,0.035977999999999996,0.5551643669605261,0.20911291241645813,0.5551643669605261,0.035977999999999996,0.50747001,0.34673318299999994,0.20911291241645813,0.052362,0.116293134214
90763668,0.026969981426400003,0.7747970000000001,0.356695175,0.28514800965785997,0.366794,0.30195934,0.356695175,0.4162927269935608,0.7747970000000001,0.026969981426400003
57f97b1b,0.00725645,0.7656594514846802,0.123204306,0.00869317818433,0.538712,0.00725645,0.123204306,0.7656594514846802,0.15825999999999998,0.118474605493
f50e51a2,0.024185437709093,0.707913,0.11074610800000001,0.024185437709093,0.707913,0.08506005,0.11074610800000001,0.15219038724899292,0.27056399999999997,0.0258424457803
fa32c209,0.131786,0.9895310401916501,0.904086756706,0.9895310401916501,0.131786,0.64021081,0.599634886,0.9353597164154052,0.984224,0.904086756706
a74ed0b1,0.0291422687587,0.77958256,0.298962458968162,0.298962458968162,0.41878699999999996,0.77958256,0.554784179,0.16114254295825958,0.19197,0.0291422687587
9ef1cba6,0.28179363906383503,0.7445529103279114,0.310943602771,0.28179363906383503,0.47368299999999997,0.28460965,0.310495764,0.7445529103279114,0.566615,0.310943602771
f84b54cf,0.006118163466454001,0.99467,0.333321655542,0.006118163466454001,0.99467,0.01591273,0.25198254,0.7139087915420532,0.7809189999999999,0.333321655542
38bca38b,0.014418043452299996,0.698487,0.361128151,0.402091413736344,0.698487,0.4734157,0.361128151,0.2074194997549057,0.069011,0.014418043452299996
043f5f0f,0.46079909799999996,0.7337805554269999,0.55108929,0.496991321444512,0.532169,0.55108929,0.46079909799999996,0.5964678525924683,0.58615,0.7337805554269999
899c2993,0.20864813,0.906603,0.2988792061805725,0.33155107498168895,0.906603,0.20864813,0.240748033,0.2988792061805725,0.210787,0.328407229367
e8f8a855,0.08155943453311901,0.682481,0.33937168,0.08155943453311901,0.682481,0.33937168,0.25755167,0.4747582077980042,0.374655,0.16762307863700002
21b79488,0.4959170818328858,0.9965729999999999,0.95690334,0.9962292313575741,0.9965729999999999,0.95690334,0.8735057709999999,0.4959170818328858,0.760552,0.993016296625
2a3f2098,0.0488718659384,0.650068,0.327714428305626,0.327714428305626,0.650068,0.20766002,0.12328107699999999,0.5544436573982239,0.405607,0.0488718659384
2a8d9798,0.43173599999999995,0.992468297481537,0.895170569,0.992468297481537,0.514126,0.96860927,0.895170569,0.5085409283637999,0.43173599999999995,0.931600493193
6db48d63,0.260373,0.6996054619550001,0.5577889084815979,0.576592713594437,0.346275,0.58537257,0.37468183,0.5577889084815979,0.260373,0.6996054619550001
824f12bf,0.04236371,0.714822710678,0.280079,0.052692521363497,0.280079,0.04236371,0.267785996,0.5822170972824097,0.62585,0.714822710678
7315262d,0.4593527019023895,0.9968145489692691,0.912442803,0.9968145489692691,0.828308,0.96258163,0.912442803,0.4593527019023895,0.633538,0.967970359325
2c3ad076,0.018872953999999997,0.851718,0.122671,0.12058014795184199,0.122671,0.02738042,0.018872953999999997,0.7907548546791077,0.851718,0.247314581135
a60a76f2,0.084852016205,0.67139167,0.250262,0.34147772192955,0.250262,0.67139167,0.417148054,0.18704302608966827,0.24459499999999998,0.084852016205
34be90dc,0.07041900000000001,0.9793629999999999,0.713285803794861,0.713285803794861,0.07041900000000001,0.74837041,0.521172941,0.9426086544990541,0.9793629999999999,0.639179544896
17b78e38,0.0546001789276,0.602659195661545,0.398966074,0.602659195661545,0.577457,0.4695814,0.398966074,0.08875176310539246,0.20917,0.0546001789276
ec2fecd7,0.16978358,0.813331,0.391710341,0.6026278138160711,0.364695,0.16978358,0.391710341,0.6414843201637268,0.813331,0.353544563055
133f9c36,0.011109,0.791721,0.671134353,0.676133543252945,0.791721,0.78707665,0.671134353,0.016291378065943718,0.011109,0.07007124552039999
94c47d85,0.044733963906765005,0.52356,0.235029622773,0.044733963906765005,0.236884,0.09200116,0.1861628,0.2767293453216553,0.52356,0.235029622773
2d3759f0,0.42462156862,0.9704520000000001,0.766216338,0.860998630523682,0.9704520000000001,0.75977659,0.766216338,0.7332751750946045,0.781137,0.42462156862
e301c035,0.06097097,0.570946,0.202988,0.180462926626205,0.570946,0.06097097,0.146531209,0.4381470382213593,0.202988,0.225201832596
b2ccf007,0.00877,0.533828974,0.289242,0.37519587576389296,0.289242,0.51770723,0.533828974,0.03532106429338455,0.00877,0.0249856693437
5859bb0d,0.061875317245722004,0.749029,0.19454468800000002,0.061875317245722004,0.749029,0.18865375,0.19454468800000002,0.2273438721895218,0.218665,0.13411309150999998
d122fb35,0.142464,0.61870158,0.336133122,0.6166861951351171,0.364112,0.61870158,0.336133122,0.2942913770675659,0.142464,0.186912337411
f25d2571,0.079684212803841,0.6816979999999999,0.34180170299999996,0.079684212803841,0.6816979999999999,0.20670314,0.34180170299999996,0.22197510302066806,0.599399,0.419492781162
39d67227,0.341015046835,0.8379639999999999,0.5787812769412989,0.5787812769412989,0.8379639999999999,0.52769995,0.5658592579999999,0.8353985548019409,0.815416,0.341015046835
cd47e542,0.0552998,0.744037389755249,0.5556290024889999,0.744037389755249,0.649375,0.0552998,0.354421794,0.508741021156311,0.559148,0.5556290024889999
28776b6d,0.257236625627,0.6916970014572144,0.45696024596691104,0.45696024596691104,0.44358500000000006,0.57903641,0.60332334,0.6916970014572144,0.43546999999999997,0.257236625627
4a8050c3,0.006626999999999999,0.5733955502510071,0.22850528399999998,0.5733955502510071,0.41184499999999996,0.28081375,0.22850528399999998,0.017294932156801224,0.006626999999999999,0.0584922104142
9eb3e2fe,0.153391,0.9897271990776059,0.8449814920000001,0.9897271990776059,0.153391,0.90219349,0.8449814920000001,0.7385901212692261,0.843067,0.962660193443
41eb958b,0.02625,0.69647628,0.246265904605,0.046904809772967994,0.545104,0.69647628,0.45244294399999996,0.08539728075265884,0.02625,0.246265904605
9462b273,0.167319968342781,0.572916,0.3429540991783142,0.167319968342781,0.46705399999999997,0.39728472,0.33411932,0.3429540991783142,0.572916,0.183035307471
e77b9e3e,0.044699,0.7743465900421143,0.397741735,0.214578136801719,0.044699,0.49102476,0.397741735,0.7743465900421143,0.624,0.0866110136733
36517371,0.0623009066098,0.904337286949158,0.403398,0.904337286949158,0.315812,0.82239711,0.743722737,0.3905833959579468,0.403398,0.0623009066098
da8719bc,0.0665783112404,0.9851961135864259,0.585976,0.9851961135864259,0.585976,0.92895097,0.89736414,0.10058773308992386,0.177387,0.0665783112404
1fb25351,0.04443268,0.7123087644577026,0.41027700000000006,0.651172399520874,0.664406,0.04443268,0.04944222400000001,0.7123087644577026,0.41027700000000006,0.113381423242
cebb5462,0.0243168943678,0.77464855,0.34149119257926897,0.34149119257926897,0.438953,0.77464855,0.607667089,0.1049124151468277,0.065359,0.0243168943678
efb0d6e0,0.01472232,0.976038,0.160022527,0.022785019129515003,0.061686000000000005,0.01472232,0.160022527,0.9198067188262941,0.976038,0.264125706535
74d3c74f,0.29183102604,0.9668874144554142,0.6612439999999999,0.9668874144554142,0.419908,0.93491244,0.710044503,0.3313364386558533,0.6612439999999999,0.29183102604
1cb1a88e,0.004186,0.6149479999999999,0.05548658,0.044018071144818996,0.6149479999999999,0.05548658,0.077691741,0.010571805760264395,0.004186,0.060322405002
88b59f9e,0.045108582824469,0.995243,0.494963944,0.045108582824469,0.8448899999999999,0.48942965,0.494963944,0.9948726296424866,0.995243,0.250620320253
1656b89f,0.00043499999999999995,0.57909,0.0172719899565,0.009893149137497,0.57909,0.20539603,0.100643821,0.0037228986620903015,0.00043499999999999995,0.0172719899565
1af1e879,0.358268,0.8544649999999999,0.674494982,0.6677244305610649,0.8544649999999999,0.65262347,0.674494982,0.7571988701820374,0.358268,0.7932092607019999
39184457,0.405794,0.9715648889541629,0.6742083430290222,0.9715648889541629,0.405794,0.7440393,0.692168474,0.6742083430290222,0.44829600000000003,0.5233269497749999
5c2671d6,0.0,0.6659057140350342,0.0168144310533,0.000317426165566,0.040346,0.0,1.1251e-05,0.6659057140350342,0.138721,0.0168144310533
b6a832de,0.341834,0.996037364006042,0.95983613,0.996037364006042,0.9951979999999999,0.95983613,0.8795393109999999,0.4818727672100067,0.341834,0.987913358211
06dcde89,0.05138013511896133,0.722793,0.18522693,0.223492927849293,0.722793,0.18522693,0.375337094,0.05138013511896133,0.061286,0.09798355912789998
f490f5f7,0.04141,0.890015971661,0.40531287,0.042203322052956,0.04141,0.40531287,0.44146636100000003,0.5659093856811523,0.199461,0.890015971661
5fd731a4,0.245800878853,0.6047369241714478,0.490336,0.374058529734612,0.490336,0.53221285,0.548670888,0.6047369241714478,0.317273,0.245800878853
ab586332,0.336423,0.981784105300903,0.72579658,0.981784105300903,0.336423,0.69715804,0.72579658,0.4971811771392822,0.903149,0.8121356502179999
8fb00e3d,0.265834526718,0.81413,0.51109582,0.41949126124382,0.81413,0.51109582,0.443396956,0.7971190214157104,0.707922,0.265834526718
2f84d5ac,0.15270136,0.757475,0.283263,0.4539717733860011,0.757475,0.15270136,0.267306179,0.3159387409687042,0.283263,0.184232749557
aeb77851,0.3938613831996918,0.98097437620163,0.56005,0.98097437620163,0.56005,0.50157714,0.39472830299999995,0.3938613831996918,0.824362,0.633985416591
f4c2e188,0.137604,0.984616875648499,0.8420650959014893,0.984616875648499,0.137604,0.96516347,0.803848922,0.8420650959014893,0.83662,0.938569009304
cd24a48a,0.2201658,0.5762832760810852,0.46035441756248496,0.46035441756248496,0.299559,0.2201658,0.414601833,0.5762832760810852,0.570689,0.4697527037
f571f77c,0.06777999999999999,0.996930539608002,0.90269664526,0.996930539608002,0.06777999999999999,0.60502493,0.672795832,0.9653764963150024,0.904573,0.90269664526
667fd5ca,0.00020099999999999998,0.6176189999999999,0.0374204675317,0.008599865250289,0.6176189999999999,0.07015166,0.081065714,0.01961342990398407,0.00020099999999999998,0.0374204675317
d0701833,0.07823200000000001,0.7424516677856445,0.33078447,0.39895711839199,0.07823200000000001,0.33078447,0.296416074,0.7424516677856445,0.329571,0.333838483505
4187a727,0.30557433,0.9143387079238892,0.580165088,0.44016413390636494,0.560395,0.30557433,0.580165088,0.9143387079238892,0.902581,0.61976595372
8ba9d0b2,0.255926361307,0.5081711411476135,0.37423286,0.404872313141823,0.25921,0.37423286,0.505224645,0.5081711411476135,0.305662,0.255926361307
5fe4d054,0.179581195814,0.8044319999999999,0.48871797299999997,0.7020878493785861,0.416998,0.68430382,0.48871797299999997,0.4572248756885529,0.8044319999999999,0.179581195814
636de916,7.3e-05,0.734697,0.07189884,0.17868896573782,0.734697,0.1080901,0.07189884,0.0042973002418875686,7.3e-05,0.0417441009078
fc23ee7f,0.33066760003566703,0.9873649999999999,0.8184239999999999,0.33066760003566703,0.9873649999999999,0.47732842,0.61736542,0.8458117842674255,0.8184239999999999,0.954825508594
898bd792,0.12615181505680098,0.8533870000000001,0.5209347010000001,0.12615181505680098,0.8533870000000001,0.45766088,0.5209347010000001,0.6107226014137268,0.673192,0.444738242589
7b73e5b8,0.116285060626,0.597699761390686,0.252317,0.342615276575089,0.36418,0.12128963,0.167025059,0.597699761390686,0.252317,0.116285060626
1bed64fa,0.16735520958900452,0.957418084144592,0.549527407,0.957418084144592,0.603297,0.73078758,0.549527407,0.16735520958900452,0.185927,0.368831190746
555ed646,0.16236699214199998,0.8276540000000001,0.5247149999999999,0.6093451380729681,0.5247149999999999,0.37273771,0.33853328200000005,0.6014778017997742,0.8276540000000001,0.16236699214199998
559e33cd,0.487699046730996,0.9586690000000001,0.70703644,0.487699046730996,0.9586690000000001,0.70703644,0.677867353,0.5564168095588684,0.765317,0.807608561963
63caf442,0.49419300000000005,0.990298628807068,0.797408896685,0.990298628807068,0.49419300000000005,0.77777678,0.798391223,0.6944141387939453,0.801926,0.797408896685
f2a3bc01,0.24714269,0.720554,0.456280917,0.34069992601871507,0.42661499999999997,0.24714269,0.456280917,0.5006279349327087,0.720554,0.635660995543
870fe9a9,0.387176,0.705802143,0.633928,0.6361490190029139,0.667671,0.633928,0.705802143,0.5965355038642883,0.387176,0.622474487871
654053ac,0.222966,0.771364080906,0.54476237,0.744079440832138,0.222966,0.54476237,0.7016085390000001,0.270306408405304,0.286819,0.771364080906
92189fd2,0.0684204242077,0.7484770000000001,0.435386210680008,0.435386210680008,0.7484770000000001,0.7320987,0.6544200179999999,0.12817104160785675,0.123726,0.0684204242077
44c51bcb,0.0020670000000000003,0.61025393,0.11485999999999999,0.21086759865284,0.11485999999999999,0.61025393,0.363903552,0.00740956561639905,0.0020670000000000003,0.00817661801556
2e4bfd68,0.013977000000000002,0.55654114,0.174503,0.195715539157391,0.174503,0.55654114,0.5303863289999999,0.04728327319025993,0.013977000000000002,0.126950380649
72057e10,0.136028,0.7188640000000001,0.45226666,0.431021794676781,0.136028,0.45226666,0.483227134,0.4323095977306366,0.7188640000000001,0.6670782431960001
d65568e7,0.062887754431,0.909173,0.144245684,0.325599670410156,0.909173,0.07102472,0.144245684,0.31009456515312195,0.06589500000000001,0.062887754431
a89c9c32,0.050775,0.50113446,0.21576599999999999,0.38341154158115404,0.21576599999999999,0.50113446,0.462920338,0.13817879557609558,0.050775,0.0793690364343
0164a090,0.0062075783498585215,0.827887,0.0480435143924,0.035681463778019,0.827887,0.12987232,0.133796588,0.0062075783498585215,0.008034999999999999,0.0480435143924
df698773,0.390363,0.9864062666893009,0.71302086,0.9864062666893009,0.390363,0.71302086,0.710867405,0.4226623177528381,0.888739,0.957248061895
b8405bc5,0.055627095999999994,0.7061519622802734,0.247725032269955,0.247725032269955,0.466059,0.07015137,0.055627095999999994,0.7061519622802734,0.322075,0.0615480558015
ad1fa7eb,0.044040329754353,0.9585054516792296,0.818766,0.044040329754353,0.76143,0.818766,0.768999696,0.9585054516792296,0.8780100000000001,0.93002153635
bb9ef990,0.128606,0.9804716110229491,0.89079672,0.9804716110229491,0.926269,0.89079672,0.873356342,0.3365734815597534,0.128606,0.959601855278
881ff55e,0.264218946174,0.704045,0.42057994,0.37810292840003995,0.46770500000000004,0.42057994,0.42308589799999996,0.3593659698963165,0.704045,0.264218946174
8ea27427,0.015499578788876998,0.651269,0.068914,0.015499578788876998,0.651269,0.0470629,0.06480048599999999,0.17379803955554962,0.068914,0.147629034892
53645390,0.02685845,0.6895395517349243,0.074124947,0.07395738363266001,0.039395,0.02685845,0.074124947,0.6895395517349243,0.243698,0.125804770738
a692bac1,0.0264186148066,0.5215890000000001,0.16448185,0.052420921623707005,0.066131,0.16448185,0.168128625,0.4523570537567138,0.5215890000000001,0.0264186148066
1c7ab297,0.0349917974789,0.7198411226272583,0.18667999999999998,0.25592467188835105,0.18667999999999998,0.09480164,0.167321652,0.7198411226272583,0.63063,0.0349917974789
54b3d053,0.440308,0.991218388080597,0.920905,0.991218388080597,0.440308,0.85988456,0.879728854,0.9230880737304688,0.920905,0.965511214733
34967954,0.08265,0.8805700000000001,0.7478356361389159,0.7478356361389159,0.8805700000000001,0.86149621,0.5739228129999999,0.2622511088848114,0.08265,0.805961588025
e7dfe99c,0.442096374306,0.9952154159545898,0.7428205,0.9610161185264591,0.642123,0.7428205,0.584437847,0.9952154159545898,0.9940190000000001,0.442096374306
c63a39c1,0.42245197,0.9702372550964359,0.939326578379,0.9702372550964359,0.741119,0.42245197,0.611213386,0.9532793760299684,0.956926,0.939326578379
c768b8d5,0.252804,0.990632772445679,0.8877277970314026,0.990632772445679,0.252804,0.83984751,0.862330556,0.8877277970314026,0.9557969999999999,0.937472933531
1459d0c2,0.13998514,0.84634,0.587000846862793,0.642396807670593,0.788667,0.13998514,0.431624055,0.587000846862793,0.84634,0.424780955911
cc09949a,0.405170157551765,0.9496479999999999,0.582331,0.405170157551765,0.9496479999999999,0.54120302,0.5396669510000001,0.6677002310752869,0.582331,0.759291468188
7d9b949d,0.037975999999999996,0.9357989999999999,0.403676122,0.598275899887085,0.9357989999999999,0.480629,0.403676122,0.1525726020336151,0.037975999999999996,0.200687676156
8805153d,0.029845999999999998,0.585527,0.09055884,0.067767031490803,0.585527,0.09055884,0.136804268,0.14428941905498505,0.029845999999999998,0.0320400295546
da4aaa24,0.32532,0.9926517605781559,0.94858992,0.9926517605781559,0.32532,0.94858992,0.920102179,0.7455646991729736,0.97864,0.966215080023
4a84f7cc,0.126916870474815,0.7955255508422852,0.266431185603,0.126916870474815,0.714979,0.12952681,0.13673350199999998,0.7955255508422852,0.631807,0.266431185603
dc0c7f3f,0.10416700000000001,0.9856818318367,0.619545937,0.9856818318367,0.830435,0.65286243,0.619545937,0.3487614989280701,0.10416700000000001,0.294501421973
aff51e4c,0.021909,0.9995688796043399,0.9711987257,0.9995688796043399,0.021909,0.64890659,0.650092363,0.9830147027969359,0.9751700000000001,0.9711987257
ecedf92c,0.3489876985549927,0.993658006191254,0.7578700661660001,0.993658006191254,0.587809,0.96986037,0.840424299,0.3489876985549927,0.46609399999999995,0.7578700661660001
b954fe5f,0.014953999999999999,0.6108629107475281,0.151936262147,0.31753312051296195,0.151253,0.24529539,0.079055816,0.6108629107475281,0.014953999999999999,0.151936262147
cfd20abd,0.12349700000000001,0.776278674602509,0.628151178,0.776278674602509,0.12349700000000001,0.69198799,0.628151178,0.21062573790550232,0.632502,0.403169717989
4a73eea0,0.007019,0.56058,0.20201033399999999,0.216315791010857,0.56058,0.25665313,0.20201033399999999,0.030198013409972187,0.007019,0.0326802414842
ea8fd8d3,0.375986,0.975281298160553,0.8279780000000001,0.975281298160553,0.8279780000000001,0.90216005,0.668490887,0.4478040635585785,0.375986,0.942843180895
fb8b83e7,0.35181963443756104,0.926260411739349,0.607911,0.926260411739349,0.607911,0.68810564,0.752810836,0.35181963443756104,0.549859,0.395574881323
3da73f55,0.120760846185,0.6294404864311218,0.42261260700000003,0.210246376693249,0.212123,0.47934476,0.42261260700000003,0.6294404864311218,0.477733,0.120760846185
7c2fb236,0.484454,0.9977205395698551,0.922602,0.9977205395698551,0.9960959999999999,0.922602,0.9030549529999999,0.8886414170265198,0.484454,0.988348567486
c3f4a516,0.006635559722781181,0.6670119999999999,0.021571278572083,0.021571278572083,0.6670119999999999,0.24900632,0.182938308,0.006635559722781181,0.006815000000000001,0.00929525503307
bd91dce5,0.086008,0.82158417,0.531502426,0.354017287492752,0.81396,0.82158417,0.531502426,0.34442567825317383,0.086008,0.75021600388
30c6dad6,0.00048499999999999997,0.9900767207145691,0.454492867,0.9900767207145691,0.774781,0.20188662,0.454492867,0.1686946302652359,0.00048499999999999997,0.594747065287
53935ff1,0.33578600000000003,0.993258714675903,0.75864428,0.993258714675903,0.630042,0.75864428,0.562651098,0.8836998343467712,0.33578600000000003,0.853248882294
0b5faf98,0.36809886,0.8710607886314392,0.394781764597,0.37775316834449796,0.389373,0.36809886,0.409741998,0.8710607886314392,0.783238,0.394781764597
be67d4ea,0.399604499340057,0.951910710335,0.771307,0.399604499340057,0.9247549999999999,0.61788094,0.638734341,0.9497554898262024,0.771307,0.951910710335
0f047a04,0.375879885815,0.935633778572083,0.5731251239999999,0.935633778572083,0.827551,0.43342543,0.5731251239999999,0.7558305263519287,0.499975,0.375879885815
eff904a0,0.371284465492,0.9718897938728329,0.6943600000000001,0.9718897938728329,0.860043,0.75322056,0.6850936409999999,0.6741594076156616,0.6943600000000001,0.371284465492
14b7e1ab,0.06528027514,0.7629100000000001,0.13377984,0.317538291215897,0.7629100000000001,0.13377984,0.123312756,0.15031957626342773,0.068531,0.06528027514
ddebee3a,0.282621,0.981907641888,0.7824735641479492,0.981830537319183,0.282621,0.69349343,0.655167162,0.7824735641479492,0.916552,0.981907641888
43d224bd,0.024896498769522,0.591539,0.1447574347257614,0.024896498769522,0.163157,0.09162203,0.11838560599999999,0.1447574347257614,0.591539,0.1998008986
ec25a863,0.42293721437454224,0.9622844457626339,0.70663,0.9622844457626339,0.8658239999999999,0.4855538,0.624126434,0.42293721437454224,0.70663,0.901860564947
684c35fb,0.447492,0.921509325504303,0.853674590587616,0.921509325504303,0.447492,0.62135637,0.733794332,0.853674590587616,0.887734,0.8850088506939999
215b9917,0.030157999999999997,0.677373,0.078061953,0.032189931720495,0.677373,0.05043237,0.078061953,0.4254926145076752,0.030157999999999997,0.126834811806
3d506c13,0.368816077709198,0.958151876926422,0.629048944,0.958151876926422,0.801862,0.71688825,0.629048944,0.368816077709198,0.378773,0.429187937826
4cd19702,0.021177,0.6078052520751953,0.266748995,0.28411632776260304,0.021177,0.25208092,0.266748995,0.6078052520751953,0.283938,0.17946669012299998
22d154bc,0.497047991,0.7278359999999999,0.5663853883743281,0.5663853883743281,0.7278359999999999,0.62152165,0.497047991,0.5645063519477844,0.590677,0.506518412568
7d447e63,0.498928,0.9898172616958621,0.94813579,0.9898172616958621,0.498928,0.94813579,0.970444858,0.9123205542564392,0.91345,0.961618024111
5867ae34,0.084711,0.99982738494873,0.9847950000000001,0.99982738494873,0.084711,0.73357898,0.720781505,0.9980543851852416,0.9847950000000001,0.986015719175
64c5ba2b,8.7e-05,0.505432,0.0343915116973,0.011507074348629,0.505432,0.09692047,0.03751662,0.005859672091901302,8.7e-05,0.0343915116973
ae498683,0.09236685559153501,0.740967920423,0.311151,0.09236685559153501,0.311151,0.14073284,0.202490643,0.5598684549331665,0.5432680000000001,0.740967920423
4d149f04,0.352073,0.80643504858017,0.55705106,0.80643504858017,0.37553600000000004,0.55705106,0.546322405,0.5765681862831116,0.352073,0.6052146822209999
07d503e8,0.312075,0.91401333,0.8155399999999999,0.88299959897995,0.8155399999999999,0.91401333,0.684488177,0.5625239014625549,0.312075,0.861176800728
8b61041b,0.020255000000000002,0.945532941818,0.38169732700000003,0.43162873387336703,0.020255000000000002,0.05055673,0.38169732700000003,0.43444764614105225,0.313078,0.945532941818
23743d5c,0.284181021247,0.9732078909873959,0.717255711555481,0.9732078909873959,0.901334,0.72754472,0.6535615920000001,0.717255711555481,0.491799,0.284181021247
b4704209,0.370983775053,0.958094596862793,0.7296270132064819,0.958094596862793,0.818094,0.67666924,0.605811477,0.7296270132064819,0.840701,0.370983775053
9fcf7261,0.00045749,0.5835924744606018,0.0029991229530420003,0.0029991229530420003,0.0026579999999999998,0.00045749,0.000709514,0.5835924744606018,0.098732,0.00751167254493
3e3b890f,0.461563,0.77467507124,0.56985533,0.534141659736634,0.750235,0.56985533,0.5382137889999999,0.614206075668335,0.461563,0.77467507124
07c3e854,0.411870749481,0.9485620000000001,0.767184,0.88067626953125,0.9485620000000001,0.70154595,0.683742702,0.8207710981369019,0.767184,0.411870749481
56f07e19,0.20697100000000002,0.636941651441,0.382658,0.5789254307746879,0.382658,0.34611979,0.429927677,0.2083922177553177,0.20697100000000002,0.636941651441
4b713c51,0.033674340695142996,0.60323,0.06302739679813385,0.033674340695142996,0.60323,0.219836,0.164676532,0.06302739679813385,0.036891,0.0569095448125
0d9bc65b,0.102188264998,0.568658,0.3756241947412489,0.3756241947412489,0.186417,0.40546057,0.47835782200000004,0.3092343807220459,0.568658,0.102188264998
83de55f1,0.039192000000000005,0.768992,0.063993596,0.044642470777035,0.768992,0.07451514,0.063993596,0.1667783260345459,0.039192000000000005,0.0432071681833
27df38c6,0.01252666,0.6740233898162842,0.053877695999999996,0.037868324667215,0.117502,0.01252666,0.053877695999999996,0.6740233898162842,0.36858,0.0499117168598
3f145bd3,0.113189581083,0.7121202349662781,0.240408421,0.23602005094289802,0.688092,0.14852008,0.240408421,0.7121202349662781,0.684866,0.113189581083
8f02a023,7.6e-05,0.7535189999999999,0.119895544648,0.0024466956965629996,0.7535189999999999,0.32448953,0.13789469,0.014016622677445412,7.6e-05,0.119895544648
a7ef53b0,0.13259200000000002,0.908731,0.500139058,0.661639451980591,0.908731,0.60971826,0.500139058,0.25486746430397034,0.13259200000000002,0.328289106023
a770c6f4,0.149089,0.9617711305618291,0.4038092494010925,0.9617711305618291,0.159983,0.33506954,0.501897454,0.4038092494010925,0.149089,0.7305470392110001
565e50c7,0.0500653508119,0.608039,0.13001817,0.071480728685856,0.608039,0.13001817,0.22801676399999998,0.3224631249904633,0.06101,0.0500653508119
1fc7a336,5.48e-06,0.9832218289375304,0.09438455800000001,0.005073168314993,0.07428,5.48e-06,0.09438455800000001,0.9832218289375304,0.569443,0.123138987832
6858473e,0.041576,0.6594705,0.485694587230682,0.485694587230682,0.605614,0.6594705,0.5642216210000001,0.10602349042892456,0.041576,0.0588522302219
218679f4,0.41703191,0.900998,0.650584,0.658570885658264,0.900998,0.41703191,0.49906075,0.5854490399360657,0.650584,0.730847936124
87a34791,0.007348086684942,0.8912439942359924,0.17503,0.007348086684942,0.6840350000000001,0.12112041,0.23673506100000002,0.8912439942359924,0.17503,0.07523668564389999
53a7f5ea,0.00314133,0.603294,0.016023,0.00667409831658,0.603294,0.00314133,0.037349641,0.1320497840642929,0.016023,0.014838579390200004
7407af6a,0.081617794930935,0.8331569999999999,0.37313929,0.081617794930935,0.153178,0.37313929,0.37942332,0.8302297592163086,0.8331569999999999,0.142973004095
08be4774,0.0905396040529,0.62817,0.29129517,0.343063622713089,0.62817,0.29129517,0.193321973,0.3090786635875702,0.23370700000000003,0.0905396040529
e8443843,0.19351500000000002,0.997438192367554,0.926713550091,0.997438192367554,0.19351500000000002,0.98439395,0.899379134,0.6887553334236145,0.935644,0.926713550091
ffcddb92,0.047800082713366,0.914744,0.319473267,0.047800082713366,0.218493,0.49042499,0.319473267,0.5927464962005615,0.914744,0.15544041283399998
5336f3fe,0.039264,0.9766412377357484,0.20326426600000003,0.068304866552353,0.039264,0.12023008,0.20326426600000003,0.9766412377357484,0.801249,0.415281456616
7f0a3f4f,0.196682,0.798882354796,0.33939899999999995,0.31931170821189897,0.33939899999999995,0.39233506,0.42460623399999997,0.2988913059234619,0.196682,0.798882354796
420b678e,0.49984691,0.9990333318710328,0.990571284294,0.996507465839386,0.703521,0.49984691,0.56176579,0.9990333318710328,0.9959290000000001,0.990571284294
ac487f4e,0.25814926624298096,0.855456,0.59017396,0.7737953364849091,0.855456,0.74157089,0.59017396,0.25814926624298096,0.365712,0.29322845898600003
9978f962,0.4437762200832367,0.9846360000000001,0.8709812159999999,0.983371376991272,0.940332,0.78238285,0.8709812159999999,0.4437762200832367,0.9846360000000001,0.715506856143
f9718d5c,0.042647173535,0.621314,0.31423154,0.28306925296783503,0.621314,0.31423154,0.38474834,0.12704481184482574,0.337167,0.042647173535
ca39f1c8,0.03388362377882,0.763766,0.154017508076,0.03388362377882,0.763766,0.07651673,0.082745679,0.5835821628570557,0.15420599999999998,0.154017508076
9d77c6d5,0.003915,0.696414,0.2069619,0.065082140266895,0.696414,0.40578255,0.2069619,0.1168719157576561,0.003915,0.277254837751
2201606b,0.160303,0.96883631,0.882989227771759,0.9663333296775821,0.160303,0.96883631,0.814936221,0.882989227771759,0.7463850000000001,0.913887411356
20b53b3a,0.212751781568,0.898710131645203,0.556383789,0.898710131645203,0.819149,0.72006613,0.556383789,0.32496702671051025,0.492176,0.212751781568
1cc71699,0.221986864507,0.712912,0.41742980480194003,0.41742980480194003,0.712912,0.52977496,0.5745020510000001,0.3874034583568573,0.309807,0.221986864507
e00749c9,0.2723642,0.7802330851554871,0.623064351082,0.7343323230743409,0.6768930000000001,0.2723642,0.443890214,0.7802330851554871,0.5080979999999999,0.623064351082
993533fb,0.3919245898723602,0.9935261011123661,0.93120736,0.9935261011123661,0.9828020000000001,0.93120736,0.899870753,0.3919245898723602,0.748157,0.972025293112
b216c8a5,0.44763416100000003,0.9797517657279968,0.955132,0.9784954190254208,0.928199,0.5273397,0.44763416100000003,0.9797517657279968,0.955132,0.958338749409
d5543dc4,0.00026681,0.693895697593689,0.0590617333423,0.007705495227128001,0.11286500000000001,0.00026681,0.02980745,0.693895697593689,0.148145,0.0590617333423
5973ac4f,0.22698818147182465,0.99016,0.9199382070000001,0.8868141770362858,0.99016,0.96043295,0.9199382070000001,0.22698818147182465,0.766355,0.989168131351
320981a9,0.44690242399999996,0.8740807771682739,0.6212826803329999,0.7532795071601871,0.531151,0.53427142,0.44690242399999996,0.8740807771682739,0.762494,0.6212826803329999
9184767a,0.00262,0.526321,0.099357396,0.017506932839751,0.526321,0.10454307,0.099357396,0.1646750122308731,0.00262,0.009666258489600002
2aaf6890,0.17200825363397598,0.704806,0.443068057,0.17200825363397598,0.43753400000000003,0.23347834,0.443068057,0.4966549873352051,0.704806,0.498796575144
a5832b36,0.283523981832,0.7721975445747379,0.619047821,0.7721975445747379,0.625116,0.69130778,0.619047821,0.4739726483821869,0.5090899999999999,0.283523981832
30fc240f,0.331171015836,0.9806248545646667,0.545992076,0.41008614003658295,0.5962109999999999,0.40666062,0.545992076,0.9806248545646667,0.7791100000000001,0.331171015836
99e2bd18,0.24332399999999998,0.974440574645996,0.7315163612365723,0.974440574645996,0.9050159999999999,0.31014967,0.542953789,0.7315163612365723,0.24332399999999998,0.79106284678
3f5b053c,0.039823000000000004,0.92165446,0.177596314624,0.125753864645958,0.230638,0.92165446,0.49098318799999996,0.07551990449428557,0.039823000000000004,0.177596314624
1a09b874,0.0019510000000000003,0.55169,0.013267031870782,0.013267031870782,0.55169,0.05769213,0.04523991,0.005887749139219522,0.0019510000000000003,0.007103447068939998
3fd26d2e,0.361185,0.8124133050441741,0.6567080222070001,0.8124133050441741,0.361185,0.71201438,0.66203028,0.5405822396278381,0.6517689999999999,0.6567080222070001
6a27f1a5,0.132987,0.596259,0.488604212552,0.4951707720756529,0.132987,0.37001881,0.37910321399999997,0.527358889579773,0.596259,0.488604212552
8e7ed177,0.00131581,0.66062992811203,0.26243802899999996,0.19054750353097896,0.10440999999999999,0.00131581,0.26243802899999996,0.66062992811203,0.6118680000000001,0.438739331625
adf56e8f,0.0358998510055,0.594975,0.23716436326503754,0.209530405700207,0.594975,0.30259645,0.35510224100000004,0.23716436326503754,0.08358600000000001,0.0358998510055
9d258f24,0.01399037,0.519998,0.36348,0.024979354813695,0.36348,0.01399037,0.089561559,0.456278532743454,0.519998,0.379411891289
fbf17cb8,0.000479,0.798021,0.031847277097400005,0.025538032874465,0.798021,0.1019803,0.162396446,0.009163039736449718,0.000479,0.031847277097400005
ed64dc71,0.018422158434987002,0.6644909999999999,0.06837724149227142,0.018422158434987002,0.6644909999999999,0.19674478,0.17058010399999998,0.06837724149227142,0.025781000000000002,0.0364918268868
6aa132c4,0.191328872181,0.7780916690826416,0.49611729,0.4274900853633879,0.756674,0.49611729,0.436542809,0.7780916690826416,0.57228,0.191328872181
da08fbcc,0.4319653809070587,0.996910274028778,0.952584743,0.996910274028778,0.99282,0.89114094,0.952584743,0.4319653809070587,0.9416180000000001,0.970652663708
07226f6e,0.3011202812194824,0.986092317104,0.91496706,0.977020621299744,0.9430780000000001,0.91496706,0.853158593,0.3011202812194824,0.635533,0.986092317104
280d564f,0.31724600000000003,0.997261881828308,0.71732593,0.997261881828308,0.38204499999999997,0.71732593,0.7105043529999999,0.9880510568618774,0.31724600000000003,0.962042713165
a96100a7,0.02421496,0.632696,0.049056888,0.074634127318859,0.632696,0.02421496,0.049056888,0.045947175472974784,0.025781000000000002,0.119258102326
52032af1,0.305095,0.9039852619171139,0.657464445,0.9039852619171139,0.305095,0.89591354,0.657464445,0.33282172679901123,0.449921,0.799479275942
844e034a,0.008467,0.649096,0.05979208,0.021397175267339,0.649096,0.05979208,0.032027662,0.18213209509849548,0.008467,0.0825164388399
a7870371,0.050660755485296,0.5170817971229553,0.33144507,0.050660755485296,0.086876,0.33144507,0.334714293,0.5170817971229553,0.39197,0.211811215244
72a535d6,0.21324734399999998,0.675709068775177,0.318617903441,0.29011829197406797,0.39277399999999996,0.36616796,0.21324734399999998,0.675709068775177,0.24543,0.318617903441
0ad776f3,0.004287,0.68153447,0.076890846342,0.036451771855354,0.12332699999999999,0.68153447,0.48397579799999996,0.013365865685045721,0.004287,0.076890846342
a7bfd931,0.019999,0.56529301404953,0.318025,0.043875571340322,0.019999,0.36992097,0.350888848,0.56529301404953,0.318025,0.198397510871
